"","ID","Description","GeneRatio","BgRatio","pvalue","p.adjust","qvalue","geneID","Count","FoldEnrichment"
"GO:0046348","GO:0046348","amino sugar catabolic process","8/454","15/16910",1.38525991890206e-09,5.86796101646912e-06,4.709883724267e-06,"NPL/ALDH1A1/AMDHD2/RENBP/GNPDA1/CHI3L1/CHIT1/CHI3L2",8,19.8649045521292
"GO:0071294","GO:0071294","cellular response to zinc ion","8/454","20/16910",2.40895392212866e-08,4.91740377518548e-05,3.94692465430374e-05,"P2RX4/MT2A/MT1X/MT1G/MT1H/MT1E/MT1M/MT1F",8,14.8986784140969
"GO:0097066","GO:0097066","response to thyroid hormone","9/454","29/16910",4.16122249941908e-08,4.91740377518548e-05,3.94692465430374e-05,"CTSS/CTSB/CTSL/GCLC/ACE/C2/HES1/THRB/GCLM",9,11.5593194592131
"GO:0010043","GO:0010043","response to zinc ion","11/454","49/16910",5.3750053013756e-08,4.91740377518548e-05,3.94692465430374e-05,"SOD2/P2RX4/MT2A/VCAM1/HAMP/MT1X/MT1G/MT1H/MT1E/MT1M/MT1F",11,8.361503191585
"GO:0055094","GO:0055094","response to lipoprotein particle","9/454","30/16910",5.80430096221138e-08,4.91740377518548e-05,3.94692465430374e-05,"CD68/APOE/CD36/PPARG/LPL/NPC1/CES1/ADTRP/LDLR",9,11.1740088105727
"GO:0016042","GO:0016042","lipid catabolic process","28/454","327/16910",6.97175947485019e-08,4.92206218924424e-05,3.95066370241511e-05,"PLA2G7/CYP27A1/LIPA/ASAH1/MGLL/APOC1/APOE/FUCA1/GM2A/HSD17B4/HSD17B14/PLD1/LPL/IDH1/PLBD2/CYP1B1/DAGLA/CES1/APOA2/ADTRP/THRA/APOC3/ALK/LDLR/PLA2G2D/HPGD/ENPP2/PNPLA3",28,3.18931953818588
"GO:0006040","GO:0006040","amino sugar metabolic process","10/454","42/16910",1.20101965417577e-07,7.26788465012654e-05,5.83352403456805e-05,"NPL/ALDH1A1/AMDHD2/RENBP/GNPDA1/CHST7/CHI3L1/CHIT1/UAP1L1/CHI3L2",10,8.86826096077197
"GO:0071402","GO:0071402","cellular response to lipoprotein particle stimulus","9/454","33/16910",1.45649251291101e-07,7.35968351293989e-05,5.90720584135874e-05,"CD68/APOE/CD36/PPARG/LPL/NPC1/CES1/ADTRP/LDLR",9,10.1581898277934
"GO:0050900","GO:0050900","leukocyte migration","30/454","382/16910",1.60185940777084e-07,7.35968351293989e-05,5.90720584135874e-05,"PLA2G7/LGMN/LGALS3/MPP1/CCL18/CMKLR1/HSD3B7/TNFRSF14/P2RX4/CXCL12/HMOX1/VCAM1/SLAMF8/CXCL2/CCR1/IL1R1/CXCL3/LYVE1/HRH1/IL10/CSF1/ADTRP/CXCL9/CCL24/ECM1/ITGA7/SLAMF1/SAA1/CRTAM/GCSAM",30,2.925133196485
"GO:0006826","GO:0006826","iron ion transport","11/454","55/16910",1.90911782147959e-07,7.35968351293989e-05,5.90720584135874e-05,"FTH1/FTL/SLC40A1/MCOLN1/ABCC5/TFRC/HAMP/FLVCR2/SLC48A1/SLC46A1/HFE",11,7.44933920704846
"GO:0010038","GO:0010038","response to metal ion","29/454","364/16910",1.91115483102783e-07,7.35968351293989e-05,5.90720584135874e-05,"LGMN/CALM3/SLC40A1/MCOLN1/KCNMA1/SOD2/FABP4/TFRC/MMP9/GCLC/P2RX4/MT2A/HMOX1/VCAM1/HAMP/ITPKB/MT1X/NPC1/BNIP3/MT1G/NQO1/MT1H/MT1E/CRHBP/MT1M/KCNMB4/HFE/MT1F/KCNJ10",29,2.96745655225831
"GO:0071248","GO:0071248","cellular response to metal ion","20/454","198/16910",3.99054456646952e-07,0.000140866223196374,0.000113065429383303,"LGMN/SLC40A1/MCOLN1/FABP4/MMP9/P2RX4/MT2A/HMOX1/ITPKB/MT1X/BNIP3/MT1G/NQO1/MT1H/MT1E/CRHBP/MT1M/HFE/MT1F/KCNJ10",20,3.76229252881235
"GO:0007568","GO:0007568","aging","18/454","164/16910",4.46094115191364e-07,0.000145358051688509,0.00011667076858851,"CD68/CTSC/SOD2/TIMP1/TFRC/GCLC/ACE/SERPING1/KMO/VCAM1/HAMP/ADM/NQO1/GCLM/IGF1R/IL10/P2RY1/CDKN2B",18,4.08805200386806
"GO:0071404","GO:0071404","cellular response to low-density lipoprotein particle stimulus","8/454","29/16910",6.63513739128657e-07,0.000200760299924928,0.000161139050931245,"CD68/CD36/PPARG/LPL/NPC1/CES1/ADTRP/LDLR",8,10.2749506304117
"GO:0046942","GO:0046942","carboxylic acid transport","27/454","345/16910",7.21059387151845e-07,0.000201987204300476,0.000162123818371487,"FABP5/PSAP/APOE/CD36/FOLR2/SLC38A6/PLIN2/ABCC5/FABP3/SLC7A8/PPARG/FABP4/ACE/P2RX4/KMO/SLC36A1/AQP9/RBP7/SLC7A11/SLC38A7/CES1/SLC46A1/SLC47A1/RBP1/PLA2G2D/SLC26A3/KCNJ10",27,2.9149588201494
"GO:0015849","GO:0015849","organic acid transport","27/454","346/16910",7.62935615865819e-07,0.000201987204300476,0.000162123818371487,"FABP5/PSAP/APOE/CD36/FOLR2/SLC38A6/PLIN2/ABCC5/FABP3/SLC7A8/PPARG/FABP4/ACE/P2RX4/KMO/SLC36A1/AQP9/RBP7/SLC7A11/SLC38A7/CES1/SLC46A1/SLC47A1/RBP1/PLA2G2D/SLC26A3/KCNJ10",27,2.90653408367498
"GO:0002683","GO:0002683","negative regulation of immune system process","32/454","459/16910",8.91422544479418e-07,0.000222121523436166,0.000178284508895884,"GPNMB/ACP5/LGALS3/CD68/NR1H3/CD59/PPARG/CR1/MERTK/TMEM176B/RAB7B/CBLB/TNFRSF14/SERPING1/CXCL12/HMOX1/SLAMF8/SDC4/MFHAS1/CD22/HLX/IL10/APOA2/ADTRP/HFE/LDLR/SLAMF1/PLA2G2D/CD274/DTX1/CRTAM/GCSAM",32,2.59671954929794
"GO:0071241","GO:0071241","cellular response to inorganic substance","21/454","228/16910",9.5044423106215e-07,0.000223671209043293,0.000179528354756184,"LGMN/SLC40A1/MCOLN1/FABP4/MMP9/P2RX4/MT2A/HMOX1/ITPKB/MT1X/BNIP3/MT1G/FOXO1/NQO1/MT1H/MT1E/CRHBP/MT1M/HFE/MT1F/KCNJ10",21,3.43061674008811
"GO:0046686","GO:0046686","response to cadmium ion","10/454","54/16910",1.46408350330471e-06,0.000308036663235141,0.000247243780689206,"SOD2/MMP9/GCLC/HMOX1/MT1X/NPC1/MT1G/MT1H/MT1E/MT1F",10,6.89753630282265
"GO:0000041","GO:0000041","transition metal ion transport","13/454","95/16910",1.49503915164713e-06,0.000308036663235141,0.000247243780689206,"FTH1/FTL/ATOX1/SLC40A1/MCOLN1/ABCC5/TCN2/TFRC/HAMP/FLVCR2/SLC48A1/SLC46A1/HFE",13,5.09691629955947
"GO:0015711","GO:0015711","organic anion transport","30/454","425/16910",1.52709393955098e-06,0.000308036663235141,0.000247243780689206,"FABP5/PSAP/APOE/CD36/FOLR2/SLC38A6/PLIN2/ABCC5/FABP3/SLC7A8/PPARG/CR1/FABP4/ACE/P2RX4/CERT1/KMO/SLC36A1/AQP9/RBP7/MGST1/SLC7A11/SLC38A7/CES1/SLC46A1/SLC47A1/RBP1/PLA2G2D/SLC26A3/KCNJ10",30,2.62917854366416
"GO:0009636","GO:0009636","response to toxic substance","20/454","221/16910",2.26520239520401e-06,0.000436154424822009,0.000350076733804256,"TXN/APOE/CD36/ALDH1A1/SOD2/NUPR1/SLC7A8/CLIC2/EPHX1/CYP1B1/MGST1/SLC7A11/NQO1/GPX3/CES1/SLC47A1/SRXN1/FBLN5/PRXL2B/HP",20,3.37074172264636
"GO:0048771","GO:0048771","tissue remodeling","17/454","167/16910",2.6615316241808e-06,0.000489946091624267,0.000393252292616267,"GPNMB/ACP5/LIPA/MITF/PPARG/TIMP1/TFRC/ACE/FLNA/SEMA3C/EPAS1/HAMP/PDK4/DCSTAMP/CTSK/SIGLEC15/ACVRL1",17,3.79157983592287
"GO:0097006","GO:0097006","regulation of plasma lipoprotein particle levels","11/454","71/16910",2.77589853611483e-06,0.000489946091624267,0.000393252292616267,"PLA2G7/LIPA/APOC1/APOE/CD36/LPL/HMOX1/APOA2/CETP/APOC3/LDLR",11,5.77061487869951
"GO:1901071","GO:1901071","glucosamine-containing compound metabolic process","7/454","25/16910",3.0347583954634e-06,0.000514209462527319,0.000412727141783023,"AMDHD2/RENBP/GNPDA1/CHST7/CHI3L1/CHIT1/CHI3L2",7,10.4290748898678
"GO:0072330","GO:0072330","monocarboxylic acid biosynthetic process","19/454","209/16910",3.79121431346125e-06,0.000617676301223918,0.000495774179452625,"CYP27A1/FABP5/MGLL/APOC1/DHRS9/NR1H3/SDS/HSD3B7/KMO/LPL/PDK4/SCD/CES1/HACD1/STARD4/APOC3/RBP1/PRXL2B/ACOT4",19,3.38606327593112
"GO:0071280","GO:0071280","cellular response to copper ion","7/454","26/16910",4.0573175455334e-06,0.000633011296973734,0.000508082721839164,"MT2A/MT1X/MT1G/MT1H/MT1E/MT1M/MT1F",7,10.0279566248729
"GO:1903038","GO:1903038","negative regulation of leukocyte cell-cell adhesion","15/454","137/16910",4.18421065044017e-06,0.000633011296973734,0.000508082721839164,"GPNMB/LGALS3/CR1/CBLB/TNFRSF14/CXCL12/SDC4/HLX/IL10/ADTRP/HFE/PLA2G2D/CD274/DTX1/CRTAM",15,4.0781054053185
"GO:0046470","GO:0046470","phosphatidylcholine metabolic process","11/454","75/16910",4.82188512463052e-06,0.000656303959980629,0.000526778438133649,"PLA2G7/FABP5/APOC1/NR1H3/FABP3/APOA2/CETP/RAB38/LDLR/PLA2G2D/ENPP2",11,5.46284875183554
"GO:1903037","GO:1903037","regulation of leukocyte cell-cell adhesion","26/454","359/16910",4.83936650695726e-06,0.000656303959980629,0.000526778438133649,"GPNMB/LGALS3/CR1/TFRC/CBLB/TNFRSF14/CXCL12/VCAM1/SDC4/ITPKB/CD209/HES1/SHB/IL2RG/HLX/IL10/ADTRP/HFE/SLAMF1/PLA2G2D/CD274/DTX1/IGF1/SOX13/CD28/CRTAM",26,2.69753230338802
"GO:0030003","GO:0030003","intracellular monoatomic cation homeostasis","32/454","498/16910",5.03197486590149e-06,0.000656303959980629,0.000526778438133649,"FTH1/FTL/ATP6V0C/APOE/DMXL2/CALM3/ATOX1/SLC40A1/MCOLN1/KCNMA1/TFRC/CLIC2/FLNA/CXCL12/MT2A/HMOX1/SLAMF8/HAMP/CCR1/ANXA6/BNIP3/CA2/ATP6V0D2/TMEM38B/SLC46A1/P2RY1/CXCL9/HFE/RAB38/CYB561/SLC26A3/KCNJ2",32,2.39336199423244
"GO:0010878","GO:0010878","cholesterol storage","6/454","18/16910",5.1128495465913e-06,0.000656303959980629,0.000526778438133649,"CD36/NR1H3/PPARG/LPL/CES1/STARD4",6,12.4155653450808
"GO:0097067","GO:0097067","cellular response to thyroid hormone stimulus","6/454","18/16910",5.1128495465913e-06,0.000656303959980629,0.000526778438133649,"CTSS/CTSB/CTSL/GCLC/THRB/GCLM",6,12.4155653450808
"GO:0071674","GO:0071674","mononuclear cell migration","18/454","196/16910",5.90631188437288e-06,0.000664309197229554,0.000533203793810312,"PLA2G7/LGMN/LGALS3/CCL18/CMKLR1/HSD3B7/TNFRSF14/CXCL12/SLAMF8/CCR1/CSF1/ADTRP/CCL24/ECM1/SLAMF1/SAA1/CRTAM/GCSAM",18,3.42061494201205
"GO:0098754","GO:0098754","detoxification","14/454","124/16910",6.0914848610196e-06,0.000664309197229554,0.000533203793810312,"TXN/APOE/CD36/ALDH1A1/SOD2/CLIC2/MGST1/NQO1/GPX3/SLC47A1/SRXN1/FBLN5/PRXL2B/HP",14,4.20527213301123
"GO:0050866","GO:0050866","negative regulation of cell activation","19/454","216/16910",6.13633556001703e-06,0.000664309197229554,0.000533203793810312,"GPNMB/LGALS3/APOE/NR1H3/CR1/MERTK/CBLB/GCLC/TNFRSF14/HMOX1/SDC4/HLX/IL10/HFE/LDLR/PLA2G2D/CD274/DTX1/CRTAM",19,3.27632974384076
"GO:0050727","GO:0050727","regulation of inflammatory response","26/454","364/16910",6.20618936584499e-06,0.000664309197229554,0.000533203793810312,"PLA2G7/ACP5/MGLL/APOE/NR1H3/CTSC/NUPR1/PPARG/FABP4/MMP9/ACE/LPL/SLAMF8/HAMP/MFHAS1/IL1R1/DNASE1L3/DAGLA/IL10/GPRC5B/CCL24/LDLR/PLA2G2D/IGF1/SAA1/CD28",26,2.66047828823159
"GO:0046503","GO:0046503","glycerolipid catabolic process","10/454","63/16910",6.30154794263794e-06,0.000664309197229554,0.000533203793810312,"PLA2G7/MGLL/APOC1/LPL/DAGLA/APOA2/APOC3/LDLR/ENPP2/PNPLA3",10,5.91217397384798
"GO:0042129","GO:0042129","regulation of T cell proliferation","17/454","178/16910",6.33916902916824e-06,0.000664309197229554,0.000533203793810312,"GPNMB/LGALS3/CR1/TFRC/CBLB/TNFRSF14/VCAM1/SDC4/CD209/HES1/IL10/SLAMF1/PLA2G2D/CD274/IGF1/CD28/CRTAM",17,3.55726872246696
"GO:0060326","GO:0060326","cell chemotaxis","23/454","299/16910",6.40750684025317e-06,0.000664309197229554,0.000533203793810312,"PLA2G7/LGMN/LGALS3/MPP1/CCL18/CMKLR1/HSD3B7/P2RX4/CXCL12/VCAM1/SLAMF8/CXCL2/CCR1/NRP1/RAB13/CXCL3/HRH1/IL10/CSF1/CXCL9/CCL24/SLAMF1/SAA1",23,2.86513046424941
"GO:1990748","GO:1990748","cellular detoxification","13/454","108/16910",6.42981045477141e-06,0.000664309197229554,0.000533203793810312,"TXN/APOE/CD36/ALDH1A1/SOD2/CLIC2/MGST1/NQO1/GPX3/SRXN1/FBLN5/PRXL2B/HP",13,4.48339859683472
"GO:0044242","GO:0044242","cellular lipid catabolic process","19/454","219/16910",7.49222784753804e-06,0.000755644694337408,0.000606513682895937,"PLA2G7/ASAH1/MGLL/APOC1/FUCA1/GM2A/HSD17B4/PLD1/LPL/IDH1/PLBD2/CYP1B1/DAGLA/APOA2/ADTRP/APOC3/LDLR/ENPP2/PNPLA3",19,3.23144851447308
"GO:0098869","GO:0098869","cellular oxidant detoxification","12/454","94/16910",7.8954408057386e-06,0.000770262100076344,0.000618246255963071,"TXN/APOE/CD36/SOD2/CLIC2/MGST1/NQO1/GPX3/SRXN1/FBLN5/PRXL2B/HP",12,4.75489736620114
"GO:0002685","GO:0002685","regulation of leukocyte migration","19/454","220/16910",8.00083390069857e-06,0.000770262100076344,0.000618246255963071,"PLA2G7/LGMN/LGALS3/MPP1/CMKLR1/TNFRSF14/P2RX4/CXCL12/HMOX1/SLAMF8/CCR1/IL1R1/LYVE1/CSF1/ADTRP/CCL24/ECM1/SLAMF1/GCSAM",19,3.21676011213456
"GO:0034381","GO:0034381","plasma lipoprotein particle clearance","8/454","40/16910",9.17331474028525e-06,0.000816096275751845,0.00065503478223708,"LIPA/APOC1/APOE/CD36/HMOX1/APOA2/APOC3/LDLR",8,7.44933920704846
"GO:0046688","GO:0046688","response to copper ion","8/454","40/16910",9.17331474028525e-06,0.000816096275751845,0.00065503478223708,"TFRC/MT2A/MT1X/MT1G/MT1H/MT1E/MT1M/MT1F",8,7.44933920704846
"GO:0034370","GO:0034370","triglyceride-rich lipoprotein particle remodeling","5/454","12/16910",9.24754986687643e-06,0.000816096275751845,0.00065503478223708,"APOE/LPL/APOA2/CETP/APOC3",5,15.519456681351
"GO:0034372","GO:0034372","very-low-density lipoprotein particle remodeling","5/454","12/16910",9.24754986687643e-06,0.000816096275751845,0.00065503478223708,"APOE/LPL/APOA2/CETP/APOC3",5,15.519456681351
"GO:0032496","GO:0032496","response to lipopolysaccharide","24/454","329/16910",9.93528379839393e-06,0.000858895146326463,0.000689387039072232,"ACP5/CD68/CD36/IL18BP/NR1H3/MRC1/SOD2/SASH1/ACE/KMO/PTGER2/VCAM1/C2/CXCL2/HAMP/CXCL3/ADM/NQO1/IL10/CSF1/TIFAB/CXCL9/HPGD/CD274",24,2.7170842092578
"GO:0002697","GO:0002697","regulation of immune effector process","26/454","375/16910",1.05330207521189e-05,0.000892357518119511,0.000716245411144084,"ACP5/LGALS3/CD36/LAMP1/CD59/CR1/TFRC/TNFRSF14/SERPING1/HMOX1/SLAMF8/IL1R1/CD22/CD5L/SHB/CFP/HLX/DNASE1L3/SLAMF6/IL10/APOA2/GPRC5B/HFE/SLAMF1/CD28/CRTAM",26,2.5824375917768
"GO:0034368","GO:0034368","protein-lipid complex remodeling","7/454","30/16910",1.14418789010381e-05,0.000932073058169177,0.000748122851221719,"PLA2G7/APOC1/APOE/LPL/APOA2/CETP/APOC3",7,8.69089574155653
"GO:0034369","GO:0034369","plasma lipoprotein particle remodeling","7/454","30/16910",1.14418789010381e-05,0.000932073058169177,0.000748122851221719,"PLA2G7/APOC1/APOE/LPL/APOA2/CETP/APOC3",7,8.69089574155653
"GO:0008015","GO:0008015","blood circulation","31/454","496/16910",1.22875226752897e-05,0.000982074453821265,0.000788256171622356,"APOE/CALM3/CTSZ/SOD2/PPARG/CLIC2/GCLC/RENBP/ACE/FLNA/P2RX4/KCNE1/SERPING1/CXCL12/HMOX1/KCNJ5/EPAS1/ADM/THRB/NAV2/TMEM38B/GCLM/HRH1/SPTBN4/P2RY1/THRA/KCNMB4/FXYD1/ECE1/ACVRL1/KCNJ2",31,2.32791850220264
"GO:0033344","GO:0033344","cholesterol efflux","9/454","55/16910",1.42224071911598e-05,0.00109311377460315,0.000877381216631423,"APOC1/APOE/NR1H3/PPARG/NPC1/CES1/APOA2/CETP/APOC3",9,6.09491389667601
"GO:0071276","GO:0071276","cellular response to cadmium ion","7/454","31/16910",1.44398044850159e-05,0.00109311377460315,0.000877381216631423,"MMP9/HMOX1/MT1X/MT1G/MT1H/MT1E/MT1F",7,8.41054426602245
"GO:0042632","GO:0042632","cholesterol homeostasis","11/454","84/16910",1.47207242163414e-05,0.00109311377460315,0.000877381216631423,"APOE/NR1H3/FABP3/FABP4/LPL/NPC1/CES1/APOA2/CETP/APOC3/LDLR",11,4.87754352842459
"GO:0046718","GO:0046718","viral entry into host cell","15/454","152/16910",1.49403799539461e-05,0.00109311377460315,0.000877381216631423,"CTSB/CTSL/LAMP1/MRC1/SCARB2/SIGLEC1/CR1/TFRC/WWP1/TNFRSF14/NRP1/CD209/NPC1/LDLR/SLAMF1",15,3.67566079295154
"GO:0008202","GO:0008202","steroid metabolic process","23/454","315/16910",1.4967091342536e-05,0.00109311377460315,0.000877381216631423,"CYP27A1/LGMN/LIPA/ASAH1/APOC1/APOE/DHRS9/DAB2/HSD17B4/HSD17B14/HSD3B7/NPC1/ADM/CYP1B1/SULT1A1/IGF1R/CES1/APOA2/CETP/SULT1A2/STARD4/LDLR/DHCR24",23,2.71960002797007
"GO:0046890","GO:0046890","regulation of lipid biosynthetic process","16/454","171/16910",1.53219970099804e-05,0.00109649481452212,0.000880094988048915,"FABP5/ASAH1/APOC1/APOE/DAB2/NR1H3/FABP3/IDH1/PDK4/ADM/IGF1R/CES1/STARD4/APOC3/RAB38/LDLR",16,3.48507097405776
"GO:0097237","GO:0097237","cellular response to toxic substance","13/454","117/16910",1.55310880243926e-05,0.00109649481452212,0.000880094988048915,"TXN/APOE/CD36/ALDH1A1/SOD2/CLIC2/MGST1/NQO1/GPX3/SRXN1/FBLN5/PRXL2B/HP",13,4.13852178169359
"GO:0055092","GO:0055092","sterol homeostasis","11/454","85/16910",1.65068125130691e-05,0.00114627635746493,0.000920051844990737,"APOE/NR1H3/FABP3/FABP4/LPL/NPC1/CES1/APOA2/CETP/APOC3/LDLR",11,4.8201606633843
"GO:0022408","GO:0022408","negative regulation of cell-cell adhesion","17/454","192/16910",1.72756259896582e-05,0.00118031534987406,0.000947373038142545,"GPNMB/LGALS3/CR1/CBLB/TNFRSF14/CXCL12/SDC4/ZNF703/HLX/IL10/ADTRP/IL1RN/HFE/PLA2G2D/CD274/DTX1/CRTAM",17,3.29788454478708
"GO:0034367","GO:0034367","protein-containing complex remodeling","7/454","32/16910",1.80587850148425e-05,0.00121423830671227,0.000974601096039121,"PLA2G7/APOC1/APOE/LPL/APOA2/CETP/APOC3",7,8.14771475770925
"GO:0071675","GO:0071675","regulation of mononuclear cell migration","13/454","119/16910",1.86656135297401e-05,0.00121528410511428,0.000975440499855658,"PLA2G7/LGMN/LGALS3/CMKLR1/TNFRSF14/CXCL12/SLAMF8/CCR1/CSF1/ADTRP/ECM1/SLAMF1/GCSAM",13,4.06896679376596
"GO:0055088","GO:0055088","lipid homeostasis","15/454","155/16910",1.88818275808421e-05,0.00121528410511428,0.000975440499855658,"APOE/NR1H3/FABP3/PPARG/FABP4/CERT1/LPL/NPC1/CES1/APOA2/CETP/APOC3/RBP1/LDLR/PNPLA3",15,3.60451897115248
"GO:0030595","GO:0030595","leukocyte chemotaxis","19/454","234/16910",1.92219157324497e-05,0.00121528410511428,0.000975440499855658,"PLA2G7/LGMN/LGALS3/MPP1/CCL18/CMKLR1/HSD3B7/CXCL12/SLAMF8/CXCL2/CCR1/CXCL3/HRH1/IL10/CSF1/CXCL9/CCL24/SLAMF1/SAA1",19,3.02430437892993
"GO:0097529","GO:0097529","myeloid leukocyte migration","19/454","234/16910",1.92219157324497e-05,0.00121528410511428,0.000975440499855658,"PLA2G7/LGMN/LGALS3/MPP1/CCL18/CMKLR1/P2RX4/CXCL12/SLAMF8/CXCL2/CCR1/IL1R1/CXCL3/HRH1/CSF1/CXCL9/CCL24/SLAMF1/SAA1",19,3.02430437892993
"GO:0002695","GO:0002695","negative regulation of leukocyte activation","17/454","194/16910",1.97691247171085e-05,0.00122901888969923,0.000986464642345938,"GPNMB/LGALS3/NR1H3/CR1/MERTK/CBLB/TNFRSF14/HMOX1/SDC4/HLX/IL10/HFE/LDLR/PLA2G2D/CD274/DTX1/CRTAM",17,3.263885735047
"GO:0050678","GO:0050678","regulation of epithelial cell proliferation","25/454","366/16910",2.00194295064323e-05,0.00122901888969923,0.000986464642345938,"APOE/GLUL/DAB2/MTSS1/NUPR1/PPARG/NRP2/TCF7L2/CXCL12/HMOX1/NRP1/ZNF703/HES1/SPARC/HLX/EGFL7/IL10/HSF4/CCL24/ECM1/LAMC1/IGF1/TBX1/ACVRL1/CDKN2B",25,2.54417322645098
"GO:0055072","GO:0055072","iron ion homeostasis","11/454","87/16910",2.0649291180768e-05,0.00124957710631047,0.0010029655716373,"FTH1/FTL/SLC40A1/SOD2/TFRC/HMOX1/EPAS1/HAMP/SLC46A1/HFE/CYB561",11,4.70935237227201
"GO:0050863","GO:0050863","regulation of T cell activation","25/454","367/16910",2.09574744950385e-05,0.00125036425297159,0.00100359737018494,"GPNMB/LGALS3/CR1/TFRC/CBLB/TNFRSF14/VCAM1/SDC4/ITPKB/CD209/HES1/SHB/IL2RG/HLX/IL10/HFE/SLAMF1/PLA2G2D/CD274/DTX1/IGF1/SOX13/LAT/CD28/CRTAM",25,2.53724087433531
"GO:0002237","GO:0002237","response to molecule of bacterial origin","24/454","346/16910",2.28228046072262e-05,0.00131461585889757,0.00105516853641448,"ACP5/CD68/CD36/IL18BP/NR1H3/MRC1/SOD2/SASH1/ACE/KMO/PTGER2/VCAM1/C2/CXCL2/HAMP/CXCL3/ADM/NQO1/IL10/CSF1/TIFAB/CXCL9/HPGD/CD274",24,2.58358585215553
"GO:0048483","GO:0048483","autonomic nervous system development","8/454","45/16910",2.28593629279975e-05,0.00131461585889757,0.00105516853641448,"NRP2/VCAM1/NRP1/HES1/HLX/NAV2/TBX1/SEMA3A",8,6.62163485070974
"GO:0032944","GO:0032944","regulation of mononuclear cell proliferation","19/454","237/16910",2.29654328513739e-05,0.00131461585889757,0.00105516853641448,"GPNMB/LGALS3/CR1/TFRC/CBLB/TNFRSF14/VCAM1/SDC4/CD209/CD22/HES1/IL10/CSF1/SLAMF1/PLA2G2D/CD274/IGF1/CD28/CRTAM",19,2.98602204501942
"GO:0002698","GO:0002698","negative regulation of immune effector process","13/454","122/16910",2.44064488994696e-05,0.00137847623384204,0.00110642568344262,"ACP5/LGALS3/CD59/CR1/SERPING1/HMOX1/SLAMF8/CD22/HLX/IL10/APOA2/HFE/SLAMF1",13,3.96891023326352
"GO:0044409","GO:0044409","entry into host","15/454","159/16910",2.55551173384329e-05,0.00142436154007371,0.00114325524935094,"CTSB/CTSL/LAMP1/MRC1/SCARB2/SIGLEC1/CR1/TFRC/WWP1/TNFRSF14/NRP1/CD209/NPC1/LDLR/SLAMF1",15,3.51383924860776
"GO:0007159","GO:0007159","leukocyte cell-cell adhesion","26/454","395/16910",2.59435849009701e-05,0.00142723409922739,0.00114556089173115,"GPNMB/LGALS3/CR1/TFRC/CBLB/TNFRSF14/CXCL12/VCAM1/SDC4/ITPKB/CD209/HES1/SHB/IL2RG/HLX/IL10/ADTRP/HFE/SLAMF1/PLA2G2D/CD274/DTX1/IGF1/SOX13/CD28/CRTAM",26,2.45168125801595
"GO:0010876","GO:0010876","lipid localization","29/454","468/16910",2.74946165843348e-05,0.00149316917758003,0.00119848328700947,"FABP5/PSAP/APOC1/APOE/CD36/GM2A/DAB2/PLIN2/NR1H3/FABP3/SCARB2/PPARG/FABP4/ACE/P2RX4/CERT1/LPL/AQP9/NPC1/CDS2/RBP7/CES1/APOA2/CETP/STARD4/APOC3/RBP1/LDLR/PLA2G2D",29,2.30802176286758
"GO:0031667","GO:0031667","response to nutrient levels","29/454","469/16910",2.85890046447981e-05,0.00153294966677677,0.00123041285813055,"CD68/APOE/FOLR2/GLUL/PLIN2/SOD2/PPARG/RRAGD/TFRC/GCLC/ACE/GDF15/LPL/HMOX1/VCAM1/HAMP/PDK4/CTSK/ADM/BNIP3/CYP1B1/FOXO1/NQO1/GCLM/IGF1R/HFE/LDLR/PRR5/CDKN2B",29,2.30310060772287
"GO:0042445","GO:0042445","hormone metabolic process","19/454","241/16910",2.89667857900899e-05,0.00153379130758526,0.00123108839607882,"PLA2G7/CTSB/CTSL/DHRS9/DAB2/ALDH1A1/CTSZ/HSD17B4/ACE/TCF7L2/CTSK/ADM/PAPSS2/CYP1B1/SULT1A1/IGF1R/HFE/RBP1/ECE1",19,2.93646151315188
"GO:0006869","GO:0006869","lipid transport","27/454","422/16910",2.99164755229922e-05,0.00154590408524226,0.0012408106444343,"FABP5/PSAP/APOC1/APOE/CD36/GM2A/DAB2/PLIN2/NR1H3/FABP3/SCARB2/PPARG/FABP4/ACE/P2RX4/CERT1/AQP9/NPC1/RBP7/CES1/APOA2/CETP/STARD4/APOC3/RBP1/LDLR/PLA2G2D",27,2.38308244775247
"GO:0030301","GO:0030301","cholesterol transport","12/454","107/16910",2.99254331892978e-05,0.00154590408524226,0.0012408106444343,"APOC1/APOE/CD36/NR1H3/PPARG/NPC1/CES1/APOA2/CETP/STARD4/APOC3/LDLR",12,4.17719955535428
"GO:0002701","GO:0002701","negative regulation of production of molecular mediator of immune response","8/454","47/16910",3.18176057244703e-05,0.00161944436612839,0.00129983730992364,"ACP5/CR1/HMOX1/CD22/IL10/APOA2/HFE/SLAMF1",8,6.33986315493486
"GO:0022407","GO:0022407","regulation of cell-cell adhesion","29/454","472/16910",3.21136276569369e-05,0.00161944436612839,0.00129983730992364,"GPNMB/LGALS3/PLPP3/CR1/TFRC/CBLB/TNFRSF14/CXCL12/VCAM1/SDC4/ITPKB/CD209/ZNF703/HES1/SHB/IL2RG/HLX/IL10/ADTRP/IL1RN/HFE/SLAMF1/PLA2G2D/CD274/DTX1/IGF1/SOX13/CD28/CRTAM",29,2.2884622564026
"GO:0050868","GO:0050868","negative regulation of T cell activation","13/454","126/16910",3.44306615769879e-05,0.00171586214635436,0.00137722646307952,"GPNMB/LGALS3/CR1/CBLB/TNFRSF14/SDC4/HLX/IL10/HFE/PLA2G2D/CD274/DTX1/CRTAM",13,3.84291308300119
"GO:0043410","GO:0043410","positive regulation of MAPK cascade","29/454","476/16910",3.74257862672531e-05,0.00183017416775454,0.00146897832161602,"GPNMB/APOE/CD36/CCL18/SASH1/SORBS3/PDGFC/GDF15/MARCO/CCR1/NRP1/MFHAS1/TNIK/GSDME/CHI3L1/PDE6G/GADD45A/IGF1R/BIRC7/P2RY1/GADD45G/TRAF5/CCL24/SLAMF1/IGF1/CAVIN3/TBX1/TPD52L1/SEMA3A",29,2.26923148113871
"GO:0007162","GO:0007162","negative regulation of cell adhesion","21/454","289/16910",3.75885629354686e-05,0.00183017416775454,0.00146897832161602,"GPNMB/LGALS3/CR1/CBLB/TNFRSF14/CXCL12/SDC4/ADAMDEC1/ZNF703/CYP1B1/HLX/IL10/ADTRP/IL1RN/HFE/PLA2G2D/CD274/DTX1/ACVRL1/DSCAM/CRTAM",21,2.70650732436017
"GO:0120161","GO:0120161","regulation of cold-induced thermogenesis","14/454","146/16910",3.94860904553156e-05,0.00190071680873542,0.00152559894940992,"FABP5/CD36/ALDH1A1/NR1H3/CMKLR1/FABP4/PDGFC/PLCL1/EPAS1/SCD/IGF1R/THRA/GRB10/GADD45G",14,3.57160098968077
"GO:0045940","GO:0045940","positive regulation of steroid metabolic process","6/454","25/16910",4.15747388618296e-05,0.00197877071706416,0.00158824845090136,"APOE/DAB2/ADM/IGF1R/CES1/STARD4",6,8.93920704845815
"GO:0106106","GO:0106106","cold-induced thermogenesis","14/454","147/16910",4.25931874096906e-05,0.0019858216877332,0.00159390787022967,"FABP5/CD36/ALDH1A1/NR1H3/CMKLR1/FABP4/PDGFC/PLCL1/EPAS1/SCD/IGF1R/THRA/GRB10/GADD45G",14,3.54730438430879
"GO:0050679","GO:0050679","positive regulation of epithelial cell proliferation","17/454","206/16910",4.26604753502648e-05,0.0019858216877332,0.00159390787022967,"GLUL/NRP2/TCF7L2/CXCL12/HMOX1/NRP1/ZNF703/HLX/EGFL7/IL10/HSF4/CCL24/ECM1/LAMC1/IGF1/TBX1/ACVRL1",17,3.07375646892776
"GO:0006879","GO:0006879","intracellular iron ion homeostasis","9/454","63/16910",4.37885982549668e-05,0.00201617937182651,0.00161827428333573,"FTH1/FTL/SLC40A1/TFRC/HMOX1/HAMP/SLC46A1/HFE/CYB561",9,5.32095657646318
"GO:0010885","GO:0010885","regulation of cholesterol storage","5/454","16/16910",4.66558005032032e-05,0.00208035758875336,0.00166978654432517,"CD36/NR1H3/PPARG/LPL/CES1",5,11.6395925110132
"GO:0021783","GO:0021783","preganglionic parasympathetic fiber development","5/454","16/16910",4.66558005032032e-05,0.00208035758875336,0.00166978654432517,"NRP2/NRP1/HES1/NAV2/TBX1",5,11.6395925110132
"GO:0034375","GO:0034375","high-density lipoprotein particle remodeling","5/454","16/16910",4.66558005032032e-05,0.00208035758875336,0.00166978654432517,"APOC1/APOE/APOA2/CETP/APOC3",5,11.6395925110132
"GO:0042098","GO:0042098","T cell proliferation","17/454","208/16910",4.81920135712086e-05,0.00212647259882958,0.00170680048064697,"GPNMB/LGALS3/CR1/TFRC/CBLB/TNFRSF14/VCAM1/SDC4/CD209/HES1/IL10/SLAMF1/PLA2G2D/CD274/IGF1/CD28/CRTAM",17,3.044201118265
"GO:0006979","GO:0006979","response to oxidative stress","26/454","412/16910",5.27701695360588e-05,0.00230447874386335,0.00184967604559381,"SELENOP/TXN/APOE/CD36/IL18BP/ATOX1/SOD2/MMP9/GCLC/IDH1/HMOX1/EPAS1/BNIP3/CYP1B1/MGST1/FOXO1/SLC7A11/NQO1/GPX3/GCLM/IL10/AIFM2/SRXN1/FBLN5/HP/DHCR24",26,2.35051965270946
"GO:0019915","GO:0019915","lipid storage","10/454","80/16910",5.40634661226507e-05,0.00233686573975049,0.00187567127364298,"APOE/CD36/GM2A/PLIN2/NR1H3/PPARG/LPL/CDS2/CES1/STARD4",10,4.65583700440529
"GO:0015908","GO:0015908","fatty acid transport","12/454","114/16910",5.63064969425398e-05,0.00240923556614746,0.0019337584808549,"FABP5/APOE/CD36/PLIN2/FABP3/PPARG/FABP4/ACE/P2RX4/RBP7/RBP1/PLA2G2D",12,3.92070484581498
"GO:0050670","GO:0050670","regulation of lymphocyte proliferation","18/454","233/16910",6.09585020265277e-05,0.00258182793083807,0.00207228870747154,"GPNMB/LGALS3/CR1/TFRC/CBLB/TNFRSF14/VCAM1/SDC4/CD209/CD22/HES1/IL10/SLAMF1/PLA2G2D/CD274/IGF1/CD28/CRTAM",18,2.87742716152086
"GO:0097530","GO:0097530","granulocyte migration","14/454","152/16910",6.15591645454781e-05,0.00258182793083807,0.00207228870747154,"LGALS3/MPP1/CCL18/CMKLR1/SLAMF8/CXCL2/IL1R1/CXCL3/HRH1/CSF1/CXCL9/CCL24/SLAMF1/SAA1",14,3.43061674008811
"GO:0120162","GO:0120162","positive regulation of cold-induced thermogenesis","11/454","98/16910",6.34212081954528e-05,0.00260786853091082,0.00209319003897469,"FABP5/CD36/CMKLR1/FABP4/PDGFC/EPAS1/SCD/IGF1R/THRA/GRB10/GADD45G",11,4.1807515957925
"GO:0035729","GO:0035729","cellular response to hepatocyte growth factor stimulus","5/454","17/16910",6.46426335565713e-05,0.00260786853091082,0.00209319003897469,"LGMN/GCLC/NRP1/GCLM/IL10",5,10.9549105986007
"GO:0043691","GO:0043691","reverse cholesterol transport","5/454","17/16910",6.46426335565713e-05,0.00260786853091082,0.00209319003897469,"APOE/CES1/APOA2/CETP/APOC3",5,10.9549105986007
"GO:0061548","GO:0061548","ganglion development","5/454","17/16910",6.46426335565713e-05,0.00260786853091082,0.00209319003897469,"NRP2/NRP1/CYP1B1/SEMA3A/TULP3",5,10.9549105986007
"GO:0007584","GO:0007584","response to nutrient","14/454","153/16910",6.61312982788803e-05,0.00264275641046544,0.00212119258630371,"FOLR2/SOD2/PPARG/TFRC/GCLC/LPL/HMOX1/VCAM1/HAMP/CYP1B1/NQO1/GCLM/IGF1R/CDKN2B",14,3.40819440845354
"GO:0051249","GO:0051249","regulation of lymphocyte activation","29/454","492/16910",6.75808486387202e-05,0.00267544369003382,0.00214742883524905,"GPNMB/LGALS3/LAMP1/CR1/MERTK/TFRC/CBLB/TNFRSF14/VCAM1/SLAMF8/SDC4/ITPKB/CD209/CD22/HES1/SHB/IL2RG/HLX/IL10/HFE/SLAMF1/PLA2G2D/CD274/DTX1/IGF1/SOX13/LAT/CD28/CRTAM",29,2.19543533541062
"GO:0043542","GO:0043542","endothelial cell migration","17/454","214/16910",6.87801450623098e-05,0.0026977101341106,0.00216530086307272,"LGMN/APOE/GLUL/PLPP3/PPARG/SASH1/STARD13/NRP2/P2RX4/HMOX1/NRP1/RAB13/SPARC/CYP1B1/GADD45A/ADTRP/ACVRL1",17,2.95884968504261
"GO:0015909","GO:0015909","long-chain fatty acid transport","9/454","67/16910",7.19568023021001e-05,0.00279548813247374,0.00224378178716023,"FABP5/APOE/CD36/PLIN2/FABP3/PPARG/FABP4/ACE/PLA2G2D",9,5.0032875271221
"GO:0043065","GO:0043065","positive regulation of apoptotic process","29/454","494/16910",7.2592940172831e-05,0.00279548813247374,0.00224378178716023,"CTSD/CTSS/CTSL/CTSC/KCNMA1/SOD2/NUPR1/PPARG/IGF2R/MMP9/ACE/HMOX1/CTSK/ADM/GSDME/BNIP3/PHLDA1/HTRA4/CYP1B1/FOXO1/TIMP3/NQO1/GADD45A/IL10/AIFM2/GADD45G/HPGD/CD274/TPD52L1",29,2.18654693324297
"GO:0009395","GO:0009395","phospholipid catabolic process","8/454","53/16910",7.79040602111969e-05,0.00297298737887054,0.00238625049295558,"PLA2G7/APOC1/PLD1/IDH1/PLBD2/APOA2/LDLR/ENPP2",8,5.62214279777242
"GO:0070663","GO:0070663","regulation of leukocyte proliferation","19/454","261/16910",8.5292663032047e-05,0.00322589036253349,0.00258924155633,"GPNMB/LGALS3/CR1/TFRC/CBLB/TNFRSF14/VCAM1/SDC4/CD209/CD22/HES1/IL10/CSF1/SLAMF1/PLA2G2D/CD274/IGF1/CD28/CRTAM",19,2.71144530524752
"GO:0009991","GO:0009991","response to extracellular stimulus","29/454","499/16910",8.6620378700562e-05,0.00324711437323523,0.00260627688125585,"CD68/APOE/FOLR2/GLUL/PLIN2/SOD2/PPARG/RRAGD/TFRC/GCLC/ACE/GDF15/LPL/HMOX1/VCAM1/HAMP/PDK4/CTSK/ADM/BNIP3/CYP1B1/FOXO1/NQO1/GCLM/IGF1R/HFE/LDLR/PRR5/CDKN2B",29,2.16463764533472
"GO:0048486","GO:0048486","parasympathetic nervous system development","5/454","18/16910",8.7538704329641e-05,0.00325275396088035,0.00261080346246298,"NRP2/NRP1/HES1/NAV2/TBX1",5,10.346304454234
"GO:0001659","GO:0001659","temperature homeostasis","15/454","177/16910",8.83731724189209e-05,0.00325520659449173,0.00261277205412462,"FABP5/CD36/ALDH1A1/NR1H3/CMKLR1/FABP4/PDGFC/PLCL1/EPAS1/SCD/FOXO1/IGF1R/THRA/GRB10/GADD45G",15,3.15649966400358
"GO:0032943","GO:0032943","mononuclear cell proliferation","21/454","307/16910",8.96864164952535e-05,0.00327510051960253,0.0026287397938264,"GPNMB/LGALS3/CR1/TFRC/CBLB/ACE/TNFRSF14/VCAM1/SDC4/CD209/CD22/HES1/SHB/IL10/CSF1/SLAMF1/PLA2G2D/CD274/IGF1/CD28/CRTAM",21,2.54781959850192
"GO:0019216","GO:0019216","regulation of lipid metabolic process","22/454","331/16910",9.34824656118896e-05,0.00337063947551506,0.00270542356391672,"FABP5/ASAH1/PSAP/APOC1/APOE/DAB2/NR1H3/FABP3/PPARG/IDH1/PDK4/ADM/IGF1R/CES1/APOA2/THRA/STARD4/APOC3/RAB38/ALK/LDLR/HPGD",22,2.4756112168439
"GO:0015886","GO:0015886","heme transport","4/454","10/16910",9.46898247370851e-05,0.00337063947551506,0.00270542356391672,"ABCC5/FLVCR2/SLC48A1/SLC46A1",4,14.8986784140969
"GO:0150172","GO:0150172","regulation of phosphatidylcholine metabolic process","4/454","10/16910",9.46898247370851e-05,0.00337063947551506,0.00270542356391672,"APOC1/FABP3/RAB38/LDLR",4,14.8986784140969
"GO:0006066","GO:0006066","alcohol metabolic process","23/454","356/16910",9.98463961588538e-05,0.00346637814103346,0.00278226762972468,"CYP27A1/ASAH1/APOC1/APOE/DHRS9/DAB2/ALDH1A1/PLPP3/IDH1/ITPKB/NPC1/CYP1B1/SULT1A1/HRH1/CES1/APOA2/P2RY1/CETP/SULT1A2/STARD4/LDLR/DHCR24/IGF1",23,2.40638766519824
"GO:0007264","GO:0007264","small GTPase mediated signal transduction","28/454","478/16910",0.000100130027445158,0.00346637814103346,0.00278226762972468,"APOE/RGL1/DENND4C/STARD13/RAP2B/ARHGAP17/MRAS/PLD1/ARHGAP10/HMOX1/RAB9A/NRP1/NUCB2/ITPKB/DOCK3/CCDC88C/RHOBTB1/CELSR1/RTN4R/CSF1/APOC3/RAB38/RGL3/DHCR24/IGF1/RND3/ARHGEF10/LAT",28,2.18181483051628
"GO:0006631","GO:0006631","fatty acid metabolic process","24/454","380/16910",0.000100595064856813,0.00346637814103346,0.00278226762972468,"FABP5/ASAH1/MGLL/APOC1/CD36/NR1H3/FABP3/HSD17B4/EPHX1/LPL/PDK4/SCD/CYP1B1/ACOT2/DAGLA/CES1/ADTRP/HACD1/APOC3/PRXL2B/ACOT4/HPGD/ACOT1/PNPLA3",24,2.35242290748899
"GO:0015918","GO:0015918","sterol transport","12/454","121/16910",0.000100775045804251,0.00346637814103346,0.00278226762972468,"APOC1/APOE/CD36/NR1H3/PPARG/NPC1/CES1/APOA2/CETP/STARD4/APOC3/LDLR",12,3.69388721010667
"GO:0042130","GO:0042130","negative regulation of T cell proliferation","9/454","70/16910",0.0001019440636955,0.00346637814103346,0.00278226762972468,"GPNMB/CR1/CBLB/TNFRSF14/SDC4/IL10/PLA2G2D/CD274/CRTAM",9,4.78886091881687
"GO:0071356","GO:0071356","cellular response to tumor necrosis factor","17/454","221/16910",0.000102289251092819,0.00346637814103346,0.00278226762972468,"ASAH1/IL18BP/CCL18/FABP4/TNFRSF14/VCAM1/HAMP/DCSTAMP/CTSK/GSDME/HES1/CHI3L1/CYP1B1/CRHBP/BIRC7/TRAF5/CCL24",17,2.86513046424941
"GO:1905952","GO:1905952","regulation of lipid localization","14/454","160/16910",0.00010727594619697,0.00357811738653831,0.00287195446511574,"APOC1/APOE/CD36/DAB2/PLIN2/NR1H3/FABP3/PPARG/P2RX4/LPL/CES1/APOA2/CETP/APOC3",14,3.2590859030837
"GO:1990845","GO:1990845","adaptive thermogenesis","14/454","160/16910",0.00010727594619697,0.00357811738653831,0.00287195446511574,"FABP5/CD36/ALDH1A1/NR1H3/CMKLR1/FABP4/PDGFC/PLCL1/EPAS1/SCD/IGF1R/THRA/GRB10/GADD45G",14,3.2590859030837
"GO:0045926","GO:0045926","negative regulation of growth","18/454","244/16910",0.000110129447640476,0.00364459640785202,0.00292531345295015,"LGMN/DAB2/GDF15/MT2A/SEMA3C/NRP1/DCSTAMP/MT1X/MT1G/MT1H/MT1E/RTN4R/OSGIN1/MT1M/MT1F/ACVRL1/SEMA3A/NAIF1",18,2.74770708456705
"GO:0046394","GO:0046394","carboxylic acid biosynthetic process","21/454","312/16910",0.000112597579006448,0.00369739026876987,0.00296768812885212,"CYP27A1/FABP5/MGLL/APOC1/GLUL/DHRS9/ALDH1A1/NR1H3/SDS/HSD3B7/KMO/LPL/PDK4/SCD/CES1/HACD1/STARD4/APOC3/RBP1/PRXL2B/ACOT4",21,2.50698915621823
"GO:0035728","GO:0035728","response to hepatocyte growth factor","5/454","19/16910",0.000116194034202566,0.00378613791447747,0.00303892089452866,"LGMN/GCLC/NRP1/GCLM/IL10",5,9.80176211453744
"GO:0051250","GO:0051250","negative regulation of lymphocyte activation","14/454","162/16910",0.000122507106331171,0.00396137482762472,0.00317957375210672,"GPNMB/LGALS3/CR1/MERTK/CBLB/TNFRSF14/SDC4/HLX/IL10/HFE/PLA2G2D/CD274/DTX1/CRTAM",14,3.21885027465057
"GO:0090382","GO:0090382","phagosome maturation","6/454","30/16910",0.000124399432154488,0.0039920908682304,0.00320422779791864,"MCOLN1/RAB7B/SLAMF8/MREG/MYO7A/RAB38",6,7.44933920704846
"GO:0050673","GO:0050673","epithelial cell proliferation","26/454","435/16910",0.00012805329064536,0.00403861325755304,0.00324156871474984,"LIPA/APOE/GLUL/DAB2/MTSS1/NUPR1/PPARG/NRP2/TCF7L2/CXCL12/HMOX1/NRP1/ZNF703/HES1/SPARC/HLX/EGFL7/IL10/HSF4/CCL24/ECM1/LAMC1/IGF1/TBX1/ACVRL1/CDKN2B",26,2.22623930325586
"GO:0044000","GO:0044000","movement in host","15/454","183/16910",0.000128501537757237,0.00403861325755304,0.00324156871474984,"CTSB/CTSL/LAMP1/MRC1/SCARB2/SIGLEC1/CR1/TFRC/WWP1/TNFRSF14/NRP1/CD209/NPC1/LDLR/SLAMF1",15,3.05300787174117
"GO:0016053","GO:0016053","organic acid biosynthetic process","21/454","315/16910",0.000128709346026832,0.00403861325755304,0.00324156871474984,"CYP27A1/FABP5/MGLL/APOC1/GLUL/DHRS9/ALDH1A1/NR1H3/SDS/HSD3B7/KMO/LPL/PDK4/SCD/CES1/HACD1/STARD4/APOC3/RBP1/PRXL2B/ACOT4",21,2.48311306901615
"GO:0006898","GO:0006898","receptor-mediated endocytosis","18/454","248/16910",0.000135210729982161,0.00421141656032671,0.00338026824955401,"CD63/CTSL/APOC1/APOE/CD36/DAB2/MRC1/FCHO2/SCARB2/SIGLEC1/IGF2R/TFRC/MARCO/ADM/LYVE1/APOC3/HFE/LDLR",18,2.70338922836436
"GO:0006022","GO:0006022","aminoglycan metabolic process","12/454","125/16910",0.000137741351114463,0.00425892236000631,0.00341839849481149,"FUCA1/HS3ST2/ABCC5/B3GNT8/SGSH/B4GALT5/CHST7/CHI3L1/LYVE1/CHIT1/NDST3/CHI3L2",12,3.57568281938326
"GO:1903522","GO:1903522","regulation of blood circulation","18/454","249/16910",0.000142215190434809,0.00436538801943371,0.00350385251795907,"CALM3/CLIC2/ACE/FLNA/P2RX4/KCNE1/KCNJ5/EPAS1/ADM/THRB/TMEM38B/HRH1/SPTBN4/THRA/KCNMB4/FXYD1/ECE1/KCNJ2",18,2.69253224351149
"GO:0034384","GO:0034384","high-density lipoprotein particle clearance","4/454","11/16910",0.000145646266794615,0.00443854378519417,0.00356257055468843,"APOE/APOA2/APOC3/LDLR",4,13.5442531037245
"GO:0010594","GO:0010594","regulation of endothelial cell migration","14/454","165/16910",0.000148859878617148,0.00450407461301598,0.00361516848070216,"LGMN/APOE/GLUL/PLPP3/PPARG/SASH1/STARD13/NRP2/P2RX4/HMOX1/NRP1/SPARC/GADD45A/ACVRL1",14,3.16032572420238
"GO:0010743","GO:0010743","regulation of macrophage derived foam cell differentiation","6/454","31/16910",0.000150789742795162,0.00453010886865465,0.00363606471988334,"CD36/NR1H3/PPARG/LPL/CSF1/CETP",6,7.20903794230496
"GO:1905954","GO:1905954","positive regulation of lipid localization","11/454","108/16910",0.000153623905128818,0.00458275255018081,0.00367831885519706,"APOE/CD36/DAB2/PLIN2/NR1H3/FABP3/PPARG/P2RX4/LPL/CES1/CETP",11,3.79364496655246
"GO:0071621","GO:0071621","granulocyte chemotaxis","12/454","127/16910",0.000160217392089454,0.00474602009014634,0.00380936456716184,"LGALS3/MPP1/CCL18/CMKLR1/CXCL2/CXCL3/HRH1/CSF1/CXCL9/CCL24/SLAMF1/SAA1",12,3.51937285372368
"GO:0002687","GO:0002687","positive regulation of leukocyte migration","13/454","147/16910",0.000168755236131739,0.00496421652954198,0.00398449863088828,"PLA2G7/LGMN/LGALS3/CMKLR1/TNFRSF14/P2RX4/CXCL12/CCR1/IL1R1/LYVE1/CSF1/CCL24/SLAMF1",13,3.2939254997153
"GO:0030574","GO:0030574","collagen catabolic process","7/454","45/16910",0.000180188097596997,0.00522792316041697,0.00419616117691636,"CTSS/CTSB/CTSL/MMP19/MMP9/CTSK/MMP25",7,5.79393049437102
"GO:0071827","GO:0071827","plasma lipoprotein particle organization","7/454","45/16910",0.000180188097596997,0.00522792316041697,0.00419616117691636,"PLA2G7/APOC1/APOE/LPL/APOA2/CETP/APOC3",7,5.79393049437102
"GO:0045785","GO:0045785","positive regulation of cell adhesion","27/454","470/16910",0.000182482582449218,0.00525847768200604,0.00422068558045811,"CD36/DAB2/PLPP3/CR1/TFRC/FLNA/TNFRSF14/CXCL12/VCAM1/SDC4/NRP1/ITPKB/CD209/HES1/SHB/IL2RG/HLX/IL10/CSF1/NID1/LAMC1/SLAMF1/CD274/IGF1/SAA1/SOX13/CD28",27,2.13970381479051
"GO:0001667","GO:0001667","ameboidal-type cell migration","25/454","421/16910",0.000190112777546251,0.00538776695448974,0.00432445883976986,"LGMN/APOE/GLUL/PLPP3/PPARG/SASH1/STARD13/TIMP1/NRP2/MMP9/P2RX4/SEMA3C/HMOX1/SDC4/NRP1/ANXA6/RAB13/SPARC/CYP1B1/GADD45A/ADTRP/ENPP2/TBX1/ACVRL1/SEMA3A",25,2.21179905197401
"GO:1901136","GO:1901136","carbohydrate derivative catabolic process","14/454","169/16910",0.00019152992997449,0.00538776695448974,0.00432445883976986,"NPL/CTSL/FUCA1/GM2A/ALDH1A1/ADA2/AMDHD2/RENBP/GNPDA1/SGSH/CHI3L1/LYVE1/CHIT1/CHI3L2",14,3.08552511534551
"GO:0007160","GO:0007160","cell-matrix adhesion","17/454","233/16910",0.000193689442077317,0.00538776695448974,0.00432445883976986,"OTOA/CD63/CD36/SIGLEC1/ITGAX/VCAM1/SDC4/NRP1/ITGAD/LYVE1/SNED1/EDA/CSF1/FBLN5/NID1/ITGA7/ACVRL1",17,2.71757009699193
"GO:1900120","GO:1900120","regulation of receptor binding","5/454","21/16910",0.000194516747855545,0.00538776695448974,0.00432445883976986,"MMP9/PLCL1/NRP1/IL10/HFE",5,8.86826096077197
"GO:2001044","GO:2001044","regulation of integrin-mediated signaling pathway","5/454","21/16910",0.000194516747855545,0.00538776695448974,0.00432445883976986,"CD63/TIMP1/FLNA/NID1/LAMC1",5,8.86826096077197
"GO:0043648","GO:0043648","dicarboxylic acid metabolic process","10/454","93/16910",0.000194600647789644,0.00538776695448974,0.00432445883976986,"GLUL/ME1/GCLC/KMO/IDH1/ME3/SLC7A11/GCLM/SLC46A1/ACOT4",10,4.00502107905831
"GO:0007229","GO:0007229","integrin-mediated signaling pathway","11/454","111/16910",0.000196120611043296,0.00539459031415197,0.00432993556848836,"CD63/PLPP3/ITGAX/TIMP1/FLNA/NRP1/ITGAD/NID1/ITGA7/LAMC1/LAT",11,3.6911140215105
"GO:0006641","GO:0006641","triglyceride metabolic process","10/454","94/16910",0.000212645785143343,0.00579092014663138,0.00464804733204596,"MGLL/APOC1/APOE/NR1H3/LPL/APOA2/CETP/APOC3/LDLR/PNPLA3",10,3.96241447183429
"GO:0006054","GO:0006054","N-acetylneuraminate metabolic process","4/454","12/16910",0.000213845625258485,0.00579092014663138,0.00464804733204596,"NPL/AMDHD2/RENBP/GNPDA1",4,12.4155653450808
"GO:0050994","GO:0050994","regulation of lipid catabolic process","8/454","61/16910",0.000214630420920946,0.00579092014663138,0.00464804733204596,"APOC1/IDH1/APOA2/THRA/APOC3/ALK/LDLR/HPGD",8,4.88481259478587
"GO:0032371","GO:0032371","regulation of sterol transport","8/454","62/16910",0.000240733697301351,0.00641350906772657,0.0051477645963811,"APOC1/APOE/NR1H3/PPARG/CES1/APOA2/CETP/APOC3",8,4.80602529486997
"GO:0032374","GO:0032374","regulation of cholesterol transport","8/454","62/16910",0.000240733697301351,0.00641350906772657,0.0051477645963811,"APOC1/APOE/NR1H3/PPARG/CES1/APOA2/CETP/APOC3",8,4.80602529486997
"GO:0015718","GO:0015718","monocarboxylic acid transport","14/454","173/16910",0.000244357284074108,0.00642917674122932,0.00516034016057122,"FABP5/APOE/CD36/PLIN2/FABP3/PPARG/FABP4/ACE/P2RX4/AQP9/RBP7/CES1/RBP1/PLA2G2D",14,3.01418349418146
"GO:0046631","GO:0046631","alpha-beta T cell activation","14/454","173/16910",0.000244357284074108,0.00642917674122932,0.00516034016057122,"CTSL/CBLB/TNFRSF14/ITPKB/LY9/SHB/IL2RG/HLX/SLAMF6/HFE/PLA2G2D/CD274/CD28/CRTAM",14,3.01418349418146
"GO:0006026","GO:0006026","aminoglycan catabolic process","6/454","34/16910",0.000257302680093806,0.00668671259433965,0.00536704976882786,"FUCA1/SGSH/CHI3L1/LYVE1/CHIT1/CHI3L2",6,6.5729463591604
"GO:0150077","GO:0150077","regulation of neuroinflammatory response","6/454","34/16910",0.000257302680093806,0.00668671259433965,0.00536704976882786,"CTSC/NUPR1/MMP9/DAGLA/LDLR/IGF1",6,6.5729463591604
"GO:0071825","GO:0071825","protein-lipid complex subunit organization","7/454","48/16910",0.00027279789505281,0.00704617002099819,0.0056555661169485,"PLA2G7/APOC1/APOE/LPL/APOA2/CETP/APOC3",7,5.43180983847283
"GO:0051235","GO:0051235","maintenance of location","21/454","334/16910",0.000286910108643786,0.00736576497100047,0.00591208708720529,"FTH1/FTL/TXN/APOE/CD36/CALM3/GM2A/PLIN2/NR1H3/MCOLN1/PPARG/CLIC2/FLNA/LPL/ANXA6/CDS2/TMEM38B/CES1/IL10/CXCL9/STARD4",21,2.34185813395236
"GO:1901678","GO:1901678","iron coordination entity transport","4/454","13/16910",0.000302356537635785,0.00760913308111908,0.00610742504150256,"ABCC5/FLVCR2/SLC48A1/SLC46A1",4,11.4605218569976
"GO:2001046","GO:2001046","positive regulation of integrin-mediated signaling pathway","4/454","13/16910",0.000302356537635785,0.00760913308111908,0.00610742504150256,"CD63/FLNA/NID1/LAMC1",4,11.4605218569976
"GO:0034612","GO:0034612","response to tumor necrosis factor","17/454","242/16910",0.000302838040172596,0.00760913308111908,0.00610742504150256,"ASAH1/IL18BP/CCL18/FABP4/TNFRSF14/VCAM1/HAMP/DCSTAMP/CTSK/GSDME/HES1/CHI3L1/CYP1B1/CRHBP/BIRC7/TRAF5/CCL24",17,2.61650344049223
"GO:0002719","GO:0002719","negative regulation of cytokine production involved in immune response","6/454","35/16910",0.000303574950592333,0.00760913308111908,0.00610742504150256,"ACP5/HMOX1/IL10/APOA2/HFE/SLAMF1",6,6.38514789175582
"GO:0062012","GO:0062012","regulation of small molecule metabolic process","20/454","313/16910",0.000323047377889191,0.00804958054552126,0.00646094755778382,"FABP5/APOC1/APOE/DAB2/NR1H3/FABP3/NUPR1/ME1/PDK4/ADM/FOXO1/SLC7A11/HRH1/CES1/P2RY1/STARD4/APOC3/LDLR/AK4/IGF1",20,2.37998057733178
"GO:0001936","GO:0001936","regulation of endothelial cell proliferation","12/454","138/16910",0.000348138562960218,0.00862406405087417,0.00692205329862422,"APOE/PPARG/NRP2/CXCL12/HMOX1/NRP1/SPARC/EGFL7/IL10/CCL24/ECM1/ACVRL1",12,3.23884313349933
"GO:0046461","GO:0046461","neutral lipid catabolic process","6/454","36/16910",0.000356126082566213,0.00871994269219929,0.00699900971517412,"MGLL/LPL/DAGLA/APOA2/APOC3/PNPLA3",6,6.20778267254038
"GO:0046464","GO:0046464","acylglycerol catabolic process","6/454","36/16910",0.000356126082566213,0.00871994269219929,0.00699900971517412,"MGLL/LPL/DAGLA/APOA2/APOC3/PNPLA3",6,6.20778267254038
"GO:0070661","GO:0070661","leukocyte proliferation","21/454","340/16910",0.000363933204081684,0.00885989110626445,0.00711133847056165,"GPNMB/LGALS3/CR1/TFRC/CBLB/ACE/TNFRSF14/VCAM1/SDC4/CD209/CD22/HES1/SHB/IL10/CSF1/SLAMF1/PLA2G2D/CD274/IGF1/CD28/CRTAM",21,2.30053122570614
"GO:0031100","GO:0031100","animal organ regeneration","8/454","66/16910",0.000372464936554968,0.00901577983569624,0.00723646162449651,"IGF2R/ACE/CXCL12/HMOX1/HAMP/ADM/IL10/APOA2",8,4.51475103457482
"GO:0010632","GO:0010632","regulation of epithelial cell migration","16/454","224/16910",0.000375797405481592,0.00904476028193194,0.00725972260589438,"LGMN/APOE/GLUL/PLPP3/PPARG/SASH1/STARD13/NRP2/MMP9/P2RX4/HMOX1/NRP1/SPARC/GADD45A/ENPP2/ACVRL1",16,2.66047828823159
"GO:0002367","GO:0002367","cytokine production involved in immune response","11/454","120/16910",0.000387808019354473,0.00928110039539857,0.00744941958082038,"ACP5/CD36/TNFRSF14/HMOX1/IL1R1/IL10/APOA2/GPRC5B/HFE/SLAMF9/SLAMF1",11,3.41428046989721
"GO:0006809","GO:0006809","nitric oxide biosynthetic process","8/454","67/16910",0.000413211802216374,0.00967537033814601,0.00776587798623618,"ACP5/CD36/SOD2/P2RX4/CYP1B1/GCHFR/NQO1/IL10",8,4.4473666907752
"GO:0033700","GO:0033700","phospholipid efflux","4/454","14/16910",0.000414356340478321,0.00967537033814601,0.00776587798623618,"APOC1/APOE/APOA2/APOC3",4,10.6419131529264
"GO:0046889","GO:0046889","positive regulation of lipid biosynthetic process","9/454","84/16910",0.000414642879079083,0.00967537033814601,0.00776587798623618,"APOE/DAB2/NR1H3/FABP3/ADM/IGF1R/STARD4/RAB38/LDLR",9,3.99071743234739
"GO:0010742","GO:0010742","macrophage derived foam cell differentiation","6/454","37/16910",0.000415532950503724,0.00967537033814601,0.00776587798623618,"CD36/NR1H3/PPARG/LPL/CSF1/CETP",6,6.04000476247172
"GO:0006644","GO:0006644","phospholipid metabolic process","22/454","368/16910",0.000415702880439701,0.00967537033814601,0.00776587798623618,"PLA2G7/FABP5/APOC1/PLPP3/NR1H3/FABP3/PLD1/LPL/IDH1/PLBD2/ITPKB/CDS2/AGPAT4/TMEM38B/APOA2/CETP/PIGA/RAB38/LDLR/PLA2G2D/ENPP2/PNPLA3",22,2.22670465428079
"GO:0051701","GO:0051701","biological process involved in interaction with host","15/454","204/16910",0.000418466200951095,0.00968646353676962,0.00777478187559412,"CTSB/CTSL/LAMP1/MRC1/SCARB2/SIGLEC1/CR1/TFRC/WWP1/TNFRSF14/NRP1/CD209/NPC1/LDLR/SLAMF1",15,2.73872764965017
"GO:0006639","GO:0006639","acylglycerol metabolic process","11/454","122/16910",0.000446974890256091,0.0102901393213304,0.00825931862429733,"MGLL/APOC1/APOE/NR1H3/LPL/DAGLA/APOA2/CETP/APOC3/LDLR/PNPLA3",11,3.35830865891529
"GO:0010823","GO:0010823","negative regulation of mitochondrion organization","7/454","52/16910",0.000452018782552127,0.0103154814132586,0.00827965930242666,"VAT1/PPARG/TFRC/GCLC/SLC35F6/BNIP3/IGF1",7,5.01397831243646
"GO:0050672","GO:0050672","negative regulation of lymphocyte proliferation","9/454","85/16910",0.000452946067720988,0.0103154814132586,0.00827965930242666,"GPNMB/CR1/CBLB/TNFRSF14/SDC4/IL10/PLA2G2D/CD274/CRTAM",9,3.94376781549624
"GO:0002548","GO:0002548","monocyte chemotaxis","8/454","68/16910",0.00045750761835043,0.010363648509799,0.00831832033364418,"PLA2G7/LGMN/LGALS3/CCL18/CXCL12/SLAMF8/CCR1/CCL24",8,4.38196423944027
"GO:0051051","GO:0051051","negative regulation of transport","24/454","421/16910",0.000459955977534352,0.0103636889406144,0.00831835278519573,"FABP5/LGALS3/APOC1/TXN/APOE/CD36/CALM3/NR1H3/MMP9/CLIC2/ACE/KCNE1/DYSF/HMOX1/HAMP/HES1/FOXO1/CRHBP/APOA2/P2RY1/ADTRP/TIFAB/GRB10/APOC3",24,2.12332708989505
"GO:0010631","GO:0010631","epithelial cell migration","19/454","298/16910",0.000464789830894035,0.0104171943051171,0.0083612985451837,"LGMN/APOE/GLUL/PLPP3/PPARG/SASH1/STARD13/NRP2/MMP9/P2RX4/HMOX1/NRP1/RAB13/SPARC/CYP1B1/GADD45A/ADTRP/ENPP2/ACVRL1",19,2.37478934452887
"GO:0006638","GO:0006638","neutral lipid metabolic process","11/454","123/16910",0.000479282782039725,0.0105331929382296,0.00845440415249779,"MGLL/APOC1/APOE/NR1H3/LPL/DAGLA/APOA2/CETP/APOC3/LDLR/PNPLA3",11,3.33100533648508
"GO:0030534","GO:0030534","adult behavior","12/454","143/16910",0.000481653843802857,0.0105331929382296,0.00845440415249779,"CSTB/NTAN1/CXCL12/NPC1/SLC7A11/UCHL1/CRHBP/SPTBN4/ASIP/ALK/AGRP/KCNJ10",12,3.12559687009026
"GO:0048846","GO:0048846","axon extension involved in axon guidance","6/454","38/16910",0.000482398354583697,0.0105331929382296,0.00845440415249779,"NRP2/CXCL12/SEMA3C/NRP1/SEMA3A/DSCAM",6,5.88105726872247
"GO:0090077","GO:0090077","foam cell differentiation","6/454","38/16910",0.000482398354583697,0.0105331929382296,0.00845440415249779,"CD36/NR1H3/PPARG/LPL/CSF1/CETP",6,5.88105726872247
"GO:1902284","GO:1902284","neuron projection extension involved in neuron projection guidance","6/454","38/16910",0.000482398354583697,0.0105331929382296,0.00845440415249779,"NRP2/CXCL12/SEMA3C/NRP1/SEMA3A/DSCAM",6,5.88105726872247
"GO:0042180","GO:0042180","cellular ketone metabolic process","15/454","207/16910",0.000488091722375548,0.010548757836647,0.00846689722488195,"FABP5/APOC1/DHRS9/DAB2/NR1H3/FABP3/KMO/PDK4/ADM/SLC7A11/NQO1/CES1/AIFM2/STARD4/APOC3",15,2.69903594458277
"GO:0070374","GO:0070374","positive regulation of ERK1 and ERK2 cascade","15/454","207/16910",0.000488091722375548,0.010548757836647,0.00846689722488195,"GPNMB/APOE/CD36/CCL18/PDGFC/MARCO/CCR1/NRP1/MFHAS1/CHI3L1/P2RY1/CCL24/SLAMF1/IGF1/CAVIN3",15,2.69903594458277
"GO:0032945","GO:0032945","negative regulation of mononuclear cell proliferation","9/454","86/16910",0.000494110483341007,0.0106246294793528,0.00852779514395647,"GPNMB/CR1/CBLB/TNFRSF14/SDC4/IL10/PLA2G2D/CD274/CRTAM",9,3.89791005019977
"GO:0046651","GO:0046651","lymphocyte proliferation","19/454","300/16910",0.000504529538159281,0.0107938743618319,0.00866363853404826,"GPNMB/LGALS3/CR1/TFRC/CBLB/TNFRSF14/VCAM1/SDC4/CD209/CD22/HES1/SHB/IL10/SLAMF1/PLA2G2D/CD274/IGF1/CD28/CRTAM",19,2.35895741556534
"GO:0046486","GO:0046486","glycerolipid metabolic process","22/454","374/16910",0.000517228696480749,0.0110099535592586,0.00883707320620375,"PLA2G7/FABP5/MGLL/APOC1/APOE/NR1H3/FABP3/PLD1/LPL/ITPKB/CDS2/AGPAT4/DAGLA/APOA2/CETP/PIGA/APOC3/RAB38/LDLR/PLA2G2D/ENPP2/PNPLA3",22,2.19098211972014
"GO:0090132","GO:0090132","epithelium migration","19/454","301/16910",0.000525479969642276,0.0111296657570234,0.00893315948391869,"LGMN/APOE/GLUL/PLPP3/PPARG/SASH1/STARD13/NRP2/MMP9/P2RX4/HMOX1/NRP1/RAB13/SPARC/CYP1B1/GADD45A/ADTRP/ENPP2/ACVRL1",19,2.35112034773955
"GO:0021675","GO:0021675","nerve development","9/454","87/16910",0.000538296405814295,0.0113088946614305,0.0090770164893446,"NRP2/VCAM1/NRP1/HES1/NAV2/TIFAB/ECE1/TBX1/SEMA3A",9,3.85310648640438
"GO:0002700","GO:0002700","regulation of production of molecular mediator of immune response","14/454","187/16910",0.000539281567896356,0.0113088946614305,0.0090770164893446,"ACP5/CD36/CR1/TFRC/TNFRSF14/HMOX1/IL1R1/CD22/IL10/APOA2/GPRC5B/HFE/SLAMF1/CD28",14,2.78852269782563
"GO:0031589","GO:0031589","cell-substrate adhesion","21/454","351/16910",0.000552914664313098,0.0114850639588873,0.00921841771959789,"OTOA/CD63/CD36/DAB2/SIGLEC1/MERTK/ITGAX/FLNA/VCAM1/SDC4/NRP1/ITGAD/LYVE1/SNED1/EDA/CSF1/FBLN5/NID1/ITGA7/LAMC1/ACVRL1",21,2.22843480552732
"GO:0034638","GO:0034638","phosphatidylcholine catabolic process","4/454","15/16910",0.000553105063175873,0.0114850639588873,0.00921841771959789,"PLA2G7/APOC1/LDLR/ENPP2",4,9.93245227606461
"GO:0070098","GO:0070098","chemokine-mediated signaling pathway","9/454","88/16910",0.000585669691731083,0.0120942645769959,0.00970738894282015,"CCL18/CMKLR1/CCRL2/CXCL12/CXCL2/CCR1/CXCL3/CXCL9/CCL24",9,3.80932118542251
"GO:0010565","GO:0010565","regulation of cellular ketone metabolic process","11/454","126/16910",0.000588153565359104,0.0120942645769959,0.00970738894282015,"FABP5/APOC1/DAB2/NR1H3/FABP3/PDK4/ADM/SLC7A11/CES1/STARD4/APOC3",11,3.25169568561639
"GO:0007265","GO:0007265","Ras protein signal transduction","20/454","329/16910",0.000609507159645844,0.012472813179999,0.0100112287091588,"APOE/RGL1/DENND4C/STARD13/RAP2B/ARHGAP17/MRAS/PLD1/RAB9A/NRP1/ITPKB/RHOBTB1/CELSR1/RTN4R/CSF1/APOC3/RGL3/DHCR24/IGF1/LAT",20,2.26423684104816
"GO:0002699","GO:0002699","positive regulation of immune effector process","17/454","258/16910",0.000630919414924931,0.0128489165462597,0.0103131058208883,"CD36/LAMP1/CR1/TFRC/TNFRSF14/HMOX1/IL1R1/SHB/CFP/HLX/SLAMF6/IL10/GPRC5B/HFE/SLAMF1/CD28/CRTAM",17,2.4542396612369
"GO:0006956","GO:0006956","complement activation","7/454","55/16910",0.00063988852986787,0.0129483111404029,0.0103928842958853,"CFD/CD59/CR1/SERPING1/C2/CD5L/CFP",7,4.74048858630356
"GO:0090130","GO:0090130","tissue migration","19/454","306/16910",0.000641913441804678,0.0129483111404029,0.0103928842958853,"LGMN/APOE/GLUL/PLPP3/PPARG/SASH1/STARD13/NRP2/MMP9/P2RX4/HMOX1/NRP1/RAB13/SPARC/CYP1B1/GADD45A/ADTRP/ENPP2/ACVRL1",19,2.31270334859348
"GO:0071677","GO:0071677","positive regulation of mononuclear cell migration","8/454","72/16910",0.000674839634067259,0.0134395101934219,0.0107871422704519,"PLA2G7/LGMN/LGALS3/TNFRSF14/CXCL12/CCR1/CSF1/SLAMF1",8,4.13852178169359
"GO:0031954","GO:0031954","positive regulation of protein autophosphorylation","5/454","27/16910",0.000675782736354782,0.0134395101934219,0.0107871422704519,"GPNMB/CALM3/RAP2B/PDGFC/ACE",5,6.89753630282265
"GO:0034383","GO:0034383","low-density lipoprotein particle clearance","5/454","27/16910",0.000675782736354782,0.0134395101934219,0.0107871422704519,"LIPA/CD36/HMOX1/APOC3/LDLR",5,6.89753630282265
"GO:2000106","GO:2000106","regulation of leukocyte apoptotic process","9/454","90/16910",0.000690669813654199,0.0136584664675093,0.0109628862109376,"LGALS3/MERTK/CXCL12/ITPKB/SLC7A11/BIRC7/IL10/PTCRA/CD274",9,3.72466960352423
"GO:0044403","GO:0044403","biological process involved in symbiotic interaction","19/454","308/16910",0.000694369350411201,0.0136584664675093,0.0109628862109376,"CTSB/CTSL/APOE/LAMP1/MRC1/SCARB2/SIGLEC1/CR1/IGF2R/TFRC/WWP1/MPEG1/TNFRSF14/RAB9A/NRP1/CD209/NPC1/LDLR/SLAMF1",19,2.29768579438183
"GO:0016125","GO:0016125","sterol metabolic process","12/454","149/16910",0.000696465712224269,0.0136584664675093,0.0109628862109376,"CYP27A1/LIPA/APOC1/APOE/NPC1/CYP1B1/CES1/APOA2/CETP/STARD4/LDLR/DHCR24",12,2.99973390887857
"GO:0034374","GO:0034374","low-density lipoprotein particle remodeling","4/454","16/16910",0.000721921484066764,0.0140277954426918,0.011259325898289,"PLA2G7/APOE/APOA2/CETP",4,9.31167400881057
"GO:1902285","GO:1902285","semaphorin-plexin signaling pathway involved in neuron projection guidance","4/454","16/16910",0.000721921484066764,0.0140277954426918,0.011259325898289,"NRP2/NRP1/ECE1/SEMA3A",4,9.31167400881057
"GO:0048246","GO:0048246","macrophage chemotaxis","6/454","41/16910",0.000734149114422022,0.0141357074940531,0.0113459408592494,"LGALS3/CMKLR1/SLAMF8/CSF1/SLAMF1/SAA1",6,5.45073600515741
"GO:0050892","GO:0050892","intestinal absorption","6/454","41/16910",0.000734149114422022,0.0141357074940531,0.0113459408592494,"CD36/HAMP/NPC1/SLC46A1/APOA2/LDLR",6,5.45073600515741
"GO:0046209","GO:0046209","nitric oxide metabolic process","8/454","73/16910",0.00074044938805866,0.0141925050127443,0.0113915290470563,"ACP5/CD36/SOD2/P2RX4/CYP1B1/GCHFR/NQO1/IL10",8,4.08182970249231
"GO:0090025","GO:0090025","regulation of monocyte chemotaxis","5/454","28/16910",0.00080473511534937,0.0153273235066735,0.012302384306584,"PLA2G7/LGMN/CXCL12/SLAMF8/CCR1",5,6.65119572057898
"GO:2001057","GO:2001057","reactive nitrogen species metabolic process","8/454","74/16910",0.00081109546863349,0.0153273235066735,0.012302384306584,"ACP5/CD36/SOD2/P2RX4/CYP1B1/GCHFR/NQO1/IL10",8,4.02666984164782
"GO:0050954","GO:0050954","sensory perception of mechanical stimulus","13/454","173/16910",0.000814128373229824,0.0153273235066735,0.012302384306584,"OTOA/SCARB2/P2RX4/KCNE1/CXCL12/GSDME/THRB/MYO7A/NAV2/SPTBN4/ROR1/TBX1/WHRN",13,2.7988846731685
"GO:0051099","GO:0051099","positive regulation of binding","13/454","173/16910",0.000814128373229824,0.0153273235066735,0.012302384306584,"TXN/APOE/CALM3/PPARG/MMP9/CLIC2/ACE/TCF7L2/PLCL1/NRP1/HES1/HFE/IGF1",13,2.7988846731685
"GO:2001233","GO:2001233","regulation of apoptotic signaling pathway","21/454","363/16910",0.000851296720413764,0.0159561633082863,0.012807118802685,"LGALS3/CTSS/CTSL/CTSC/SOD2/NUPR1/MMP9/GCLC/TCF7L2/CXCL12/HMOX1/SLC35F6/NRP1/CTSK/GSDME/FEM1B/TIMP3/GCLM/TIFAB/IGF1/TPD52L1",21,2.15476753922889
"GO:0043473","GO:0043473","pigmentation","10/454","112/16910",0.000868093721861222,0.0161282675693164,0.0129452572558252,"CD63/APOE/SOD2/MITF/BBS5/MREG/MYO7A/EDA/ASIP/RAB38",10,3.32559786028949
"GO:0046634","GO:0046634","regulation of alpha-beta T cell activation","10/454","112/16910",0.000868093721861222,0.0161282675693164,0.0129452572558252,"CBLB/TNFRSF14/ITPKB/SHB/IL2RG/HLX/HFE/CD274/CD28/CRTAM",10,3.32559786028949
"GO:0070664","GO:0070664","negative regulation of leukocyte proliferation","9/454","93/16910",0.000876544636277665,0.0162141619182192,0.0130141998399304,"GPNMB/CR1/CBLB/TNFRSF14/SDC4/IL10/PLA2G2D/CD274/CRTAM",9,3.60451897115248
"GO:0032488","GO:0032488","Cdc42 protein signal transduction","4/454","17/16910",0.000924161130377593,0.016799711940203,0.0134841880539873,"APOE/NRP1/RHOBTB1/APOC3",4,8.76392847888054
"GO:0032368","GO:0032368","regulation of lipid transport","11/454","133/16910",0.000924258660226962,0.016799711940203,0.0134841880539873,"APOC1/APOE/DAB2/NR1H3/FABP3/PPARG/P2RX4/CES1/APOA2/CETP/APOC3",11,3.08055380742605
"GO:0002526","GO:0002526","acute inflammatory response","10/454","113/16910",0.000930076962620038,0.016799711940203,0.0134841880539873,"NUPR1/TFRC/VCAM1/HAMP/DNASE1L3/APOA2/PLA2G2D/HP/SAA1/ORM1",10,3.29616779072941
"GO:0035710","GO:0035710","CD4-positive, alpha-beta T cell activation","10/454","113/16910",0.000930076962620038,0.016799711940203,0.0134841880539873,"CTSL/CBLB/LY9/SHB/IL2RG/HLX/SLAMF6/PLA2G2D/CD274/CD28",10,3.29616779072941
"GO:1903131","GO:1903131","mononuclear cell differentiation","25/454","469/16910",0.00093160520056906,0.016799711940203,0.0134841880539873,"CTSL/PPARG/CR1/MERTK/TMEM176B/VCAM1/SLAMF8/ITPKB/DCSTAMP/PIR/LY9/CTSK/SHB/MT1G/IL2RG/HLX/SLAMF6/IL10/CSF1/SLAMF1/PLA2G2D/DTX1/SOX13/CD28/CRTAM",25,1.98543155838179
"GO:0001935","GO:0001935","endothelial cell proliferation","12/454","154/16910",0.000931995350790296,0.016799711940203,0.0134841880539873,"APOE/PPARG/NRP2/CXCL12/HMOX1/NRP1/SPARC/EGFL7/IL10/CCL24/ECM1/ACVRL1",12,2.9023399507981
"GO:1901652","GO:1901652","response to peptide","26/454","497/16910",0.000973257181121156,0.0174691416069035,0.014021501761915,"LGMN/CTSD/CD36/DENND4C/PPARG/TIMP1/MMP9/GCLC/GDF15/LPL/CXCL12/VCAM1/PDK4/RAB13/CTSK/ADM/CA2/CYP1B1/FOXO1/IGF1R/CRHBP/IL10/GRB10/AGRP/PNPLA3/IGF1",26,1.94851930969074
"GO:1905517","GO:1905517","macrophage migration","7/454","59/16910",0.000981257647201788,0.0175384278208725,0.0140771139261016,"LGALS3/CMKLR1/P2RX4/SLAMF8/CSF1/SLAMF1/SAA1",7,4.41909952960502
"GO:0046330","GO:0046330","positive regulation of JNK cascade","9/454","95/16910",0.00102164081031918,0.0181834893803027,0.0145948687188454,"MFHAS1/TNIK/GADD45A/BIRC7/GADD45G/TRAF5/SLAMF1/TPD52L1/SEMA3A",9,3.52863436123348
"GO:0043534","GO:0043534","blood vessel endothelial cell migration","10/454","115/16910",0.00106494910488803,0.0188749975242917,0.0151499035841812,"APOE/PPARG/STARD13/P2RX4/HMOX1/NRP1/CYP1B1/GADD45A/ADTRP/ACVRL1",10,3.23884313349933
"GO:0071526","GO:0071526","semaphorin-plexin signaling pathway","6/454","44/16910",0.00107707114127604,0.0189314247072419,0.0151951945242262,"NRP2/FLNA/SEMA3C/NRP1/ECE1/SEMA3A",6,5.07909491389668
"GO:1905953","GO:1905953","negative regulation of lipid localization","6/454","44/16910",0.00107707114127604,0.0189314247072419,0.0151951945242262,"APOC1/NR1H3/PPARG/CES1/APOA2/APOC3",6,5.07909491389668
"GO:0034113","GO:0034113","heterotypic cell-cell adhesion","7/454","60/16910",0.00108564525942928,0.0190032781774481,0.0152528672812379,"ITGAX/VCAM1/ITGAD/IL10/IL1RN/ITGA7/GLDN",7,4.34544787077827
"GO:1990868","GO:1990868","response to chemokine","9/454","96/16910",0.00110115846702909,0.0191168330587509,0.0153440114258152,"CCL18/CMKLR1/CCRL2/CXCL12/CXCL2/CCR1/CXCL3/CXCL9/CCL24",9,3.49187775330396
"GO:1990869","GO:1990869","cellular response to chemokine","9/454","96/16910",0.00110115846702909,0.0191168330587509,0.0153440114258152,"CCL18/CMKLR1/CCRL2/CXCL12/CXCL2/CCR1/CXCL3/CXCL9/CCL24",9,3.49187775330396
"GO:0008016","GO:0008016","regulation of heart contraction","14/454","202/16910",0.00114776056871566,0.019844545996243,0.0159281058515642,"CALM3/CLIC2/FLNA/P2RX4/KCNE1/KCNJ5/EPAS1/ADM/THRB/TMEM38B/SPTBN4/THRA/FXYD1/KCNJ2",14,2.58145418066036
"GO:0006044","GO:0006044","N-acetylglucosamine metabolic process","4/454","18/16910",0.00116319610924844,0.0198681399950661,0.0159470434332447,"AMDHD2/RENBP/GNPDA1/CHST7",4,8.27704356338718
"GO:0030299","GO:0030299","intestinal cholesterol absorption","4/454","18/16910",0.00116319610924844,0.0198681399950661,0.0159470434332447,"CD36/NPC1/APOA2/LDLR",4,8.27704356338718
"GO:0032695","GO:0032695","negative regulation of interleukin-12 production","4/454","18/16910",0.00116319610924844,0.0198681399950661,0.0159470434332447,"ACP5/CMKLR1/IL10/SLAMF1",4,8.27704356338718
"GO:0034599","GO:0034599","cellular response to oxidative stress","17/454","273/16910",0.00117879062800158,0.0200536429727498,0.0160959362859654,"TXN/CD36/IL18BP/SOD2/MMP9/HMOX1/EPAS1/BNIP3/CYP1B1/MGST1/FOXO1/SLC7A11/NQO1/IL10/AIFM2/SRXN1/FBLN5",17,2.3193913282019
"GO:0001938","GO:0001938","positive regulation of endothelial cell proliferation","9/454","97/16910",0.00118560916434958,0.0200889616807392,0.0161242846351543,"NRP2/CXCL12/HMOX1/NRP1/EGFL7/IL10/CCL24/ECM1/ACVRL1",9,3.45587901357918
"GO:1904705","GO:1904705","regulation of vascular associated smooth muscle cell proliferation","7/454","61/16910",0.00119855459034703,0.0202273993813149,0.016235400825418,"SOD2/PPARG/MMP9/HMOX1/IL10/HPGD/IGF1",7,4.27421102043764
"GO:0071887","GO:0071887","leukocyte apoptotic process","10/454","117/16910",0.00121541183747373,0.0203497412788092,0.0163335978158526,"LGALS3/CTSL/MERTK/CXCL12/ITPKB/SLC7A11/BIRC7/IL10/PTCRA/CD274",10,3.18347829361045
"GO:0072676","GO:0072676","lymphocyte migration","10/454","117/16910",0.00121541183747373,0.0203497412788092,0.0163335978158526,"CCL18/HSD3B7/TNFRSF14/CXCL12/ADTRP/CCL24/ECM1/SAA1/CRTAM/GCSAM",10,3.18347829361045
"GO:0002718","GO:0002718","regulation of cytokine production involved in immune response","10/454","118/16910",0.00129689817153894,0.021628585254484,0.0173600542646944,"ACP5/CD36/TNFRSF14/HMOX1/IL1R1/IL10/APOA2/GPRC5B/HFE/SLAMF1",10,3.15649966400358
"GO:0010039","GO:0010039","response to iron ion","5/454","31/16910",0.00130225410961408,0.0216327388561774,0.0173633881281877,"SLC40A1/TFRC/HMOX1/HAMP/HFE",5,6.00753161858747
"GO:0070542","GO:0070542","response to fatty acid","7/454","62/16910",0.00132045906764375,0.0218494711349177,0.0175373469921436,"CD36/LPL/PDK4/HES1/SCD/FOXO1/LDLR",7,4.20527213301123
"GO:0015850","GO:0015850","organic hydroxy compound transport","17/454","277/16910",0.00137960199574649,0.0227392764746387,0.0182515439125995,"APOC1/APOE/CD36/DAB2/NR1H3/PPARG/CXCL12/SLC18B1/AQP9/NPC1/CES1/APOA2/P2RY1/CETP/STARD4/APOC3/LDLR",17,2.2858983126322
"GO:0050777","GO:0050777","negative regulation of immune response","13/454","184/16910",0.00143225470632347,0.0234999702413392,0.0188621102031523,"LGALS3/NR1H3/CD59/PPARG/CR1/TNFRSF14/SERPING1/HMOX1/SLAMF8/HLX/IL10/HFE/SLAMF1",13,2.6315600459682
"GO:0030449","GO:0030449","regulation of complement activation","4/454","19/16910",0.001442396662594,0.0234999702413392,0.0188621102031523,"CD59/CR1/SERPING1/CD5L",4,7.84140969162996
"GO:0034755","GO:0034755","iron ion transmembrane transport","4/454","19/16910",0.001442396662594,0.0234999702413392,0.0188621102031523,"SLC40A1/MCOLN1/ABCC5/HAMP",4,7.84140969162996
"GO:1990874","GO:1990874","vascular associated smooth muscle cell proliferation","7/454","63/16910",0.00145184391895389,0.0235632599260103,0.0189129092890546,"SOD2/PPARG/MMP9/HMOX1/IL10/HPGD/IGF1",7,4.13852178169359
"GO:1904645","GO:1904645","response to amyloid-beta","6/454","47/16910",0.00153118949707414,0.0247561782809391,0.0198703980536339,"LGMN/CD36/MMP9/VCAM1/IGF1R/IGF1",6,4.75489736620114
"GO:0010660","GO:0010660","regulation of muscle cell apoptotic process","7/454","64/16910",0.00159320578188502,0.0253715026017479,0.0203642844301092,"SOD2/NUPR1/PPARG/HMOX1/BNIP3/IGF1R/IGF1",7,4.07385737885463
"GO:0033059","GO:0033059","cellular pigmentation","7/454","64/16910",0.00159320578188502,0.0253715026017479,0.0203642844301092,"CD63/APOE/BBS5/MREG/MYO7A/ASIP/RAB38",7,4.07385737885463
"GO:0045453","GO:0045453","bone resorption","7/454","64/16910",0.00159320578188502,0.0253715026017479,0.0203642844301092,"ACP5/TFRC/HAMP/PDK4/DCSTAMP/CTSK/SIGLEC15",7,4.07385737885463
"GO:1903556","GO:1903556","negative regulation of tumor necrosis factor superfamily cytokine production","7/454","64/16910",0.00159320578188502,0.0253715026017479,0.0203642844301092,"GPNMB/ACP5/IL10/SLAMF1/CD274/IGF1/ORM1",7,4.07385737885463
"GO:0060047","GO:0060047","heart contraction","15/454","234/16910",0.00169576133634229,0.0269035394035428,0.0215939645826359,"CALM3/CLIC2/ACE/FLNA/P2RX4/KCNE1/KCNJ5/EPAS1/ADM/THRB/TMEM38B/SPTBN4/THRA/FXYD1/KCNJ2",15,2.38760872020784
"GO:0032365","GO:0032365","intracellular lipid transport","6/454","48/16910",0.00171095972593433,0.0270433783546934,0.0217062054782714,"FABP3/CERT1/NPC1/CES1/STARD4/LDLR",6,4.65583700440529
"GO:1902652","GO:1902652","secondary alcohol metabolic process","11/454","144/16910",0.00176237918474433,0.0275904957946889,0.0221453460108457,"CYP27A1/APOC1/APOE/IDH1/NPC1/CES1/APOA2/CETP/STARD4/LDLR/DHCR24",11,2.84523372491434
"GO:0001780","GO:0001780","neutrophil homeostasis","4/454","20/16910",0.00176511434380564,0.0275904957946889,0.0221453460108457,"MERTK/ITPKB/SLC7A11/CSF1",4,7.44933920704846
"GO:0019430","GO:0019430","removal of superoxide radicals","4/454","20/16910",0.00176511434380564,0.0275904957946889,0.0221453460108457,"CD36/SOD2/NQO1/FBLN5",4,7.44933920704846
"GO:1990266","GO:1990266","neutrophil migration","10/454","124/16910",0.0018843599316294,0.0293461348175814,0.0235544991453675,"LGALS3/MPP1/CCL18/SLAMF8/CXCL2/IL1R1/CXCL3/CXCL9/CCL24/SAA1",10,3.00376580929373
"GO:0010883","GO:0010883","regulation of lipid storage","6/454","49/16910",0.0019063018461724,0.029495880785754,0.0236746918488111,"CD36/PLIN2/NR1H3/PPARG/LPL/CES1",6,4.56081992268273
"GO:0048002","GO:0048002","antigen processing and presentation of peptide antigen","7/454","66/16910",0.00190790163722771,0.029495880785754,0.0236746918488111,"LGMN/CTSD/CTSS/CTSL/ACE/CD209/HFE",7,3.95040715525297
"GO:0006790","GO:0006790","sulfur compound metabolic process","18/454","311/16910",0.00194038573850844,0.02988899632117,0.0239902236761043,"HS3ST2/HSD17B4/GCLC/TCF7L2/PDK4/SGSH/CHST7/PAPSS2/SULT1A1/SLC7A11/ACOT2/GCLM/HACD1/SULT1A2/SULT1C2/ACOT4/ACOT1/NDST3",18,2.15575732679859
"GO:0001894","GO:0001894","tissue homeostasis","16/454","262/16910",0.00198426956369807,0.0298927969660746,0.0239932742409475,"ACP5/LIPA/ALDH1A1/TFRC/P2RX4/HAMP/PDK4/DCSTAMP/SPATA7/CTSK/CSF1/SIGLEC15/LAMC1/ZG16B/LSR/WHRN",16,2.27460739146518
"GO:0060249","GO:0060249","anatomical structure homeostasis","16/454","262/16910",0.00198426956369807,0.0298927969660746,0.0239932742409475,"ACP5/LIPA/ALDH1A1/TFRC/P2RX4/HAMP/PDK4/DCSTAMP/SPATA7/CTSK/CSF1/SIGLEC15/LAMC1/ZG16B/LSR/WHRN",16,2.27460739146518
"GO:0046466","GO:0046466","membrane lipid catabolic process","5/454","34/16910",0.00199648049063534,0.0298927969660746,0.0239932742409475,"ASAH1/FUCA1/GM2A/CYP1B1/ENPP2",5,5.47745529930034
"GO:0048841","GO:0048841","regulation of axon extension involved in axon guidance","5/454","34/16910",0.00199648049063534,0.0298927969660746,0.0239932742409475,"CXCL12/SEMA3C/NRP1/SEMA3A/DSCAM",5,5.47745529930034
"GO:1903725","GO:1903725","regulation of phospholipid metabolic process","5/454","34/16910",0.00199648049063534,0.0298927969660746,0.0239932742409475,"APOC1/FABP3/IDH1/RAB38/LDLR",5,5.47745529930034
"GO:0000302","GO:0000302","response to reactive oxygen species","13/454","191/16910",0.00199905382503719,0.0298927969660746,0.0239932742409475,"TXN/APOE/CD36/IL18BP/SOD2/MMP9/HMOX1/BNIP3/CYP1B1/NQO1/IL10/FBLN5/HP",13,2.53511543695366
"GO:0046886","GO:0046886","positive regulation of hormone biosynthetic process","3/454","10/16910",0.00200414408365561,0.0298927969660746,0.0239932742409475,"DAB2/ADM/IGF1R",3,11.1740088105727
"GO:1905288","GO:1905288","vascular associated smooth muscle cell apoptotic process","3/454","10/16910",0.00200414408365561,0.0298927969660746,0.0239932742409475,"SOD2/PPARG/IGF1",3,11.1740088105727
"GO:1905459","GO:1905459","regulation of vascular associated smooth muscle cell apoptotic process","3/454","10/16910",0.00200414408365561,0.0298927969660746,0.0239932742409475,"SOD2/PPARG/IGF1",3,11.1740088105727
"GO:0045834","GO:0045834","positive regulation of lipid metabolic process","11/454","147/16910",0.00207578014053446,0.0308526479835227,0.0247636929046216,"APOE/DAB2/NR1H3/FABP3/ADM/IGF1R/CES1/APOA2/STARD4/RAB38/LDLR",11,2.78716773052833
"GO:0032874","GO:0032874","positive regulation of stress-activated MAPK cascade","10/454","126/16910",0.00212215651762952,0.0310737052338611,0.0249411231810972,"SASH1/MFHAS1/TNIK/GADD45A/BIRC7/GADD45G/TRAF5/SLAMF1/TPD52L1/SEMA3A",10,2.95608698692399
"GO:0010893","GO:0010893","positive regulation of steroid biosynthetic process","4/454","21/16910",0.00213466671932332,0.0310737052338611,0.0249411231810972,"DAB2/ADM/IGF1R/STARD4",4,7.09460876861758
"GO:0044241","GO:0044241","lipid digestion","4/454","21/16910",0.00213466671932332,0.0310737052338611,0.0249411231810972,"CD36/NPC1/APOA2/LDLR",4,7.09460876861758
"GO:0071450","GO:0071450","cellular response to oxygen radical","4/454","21/16910",0.00213466671932332,0.0310737052338611,0.0249411231810972,"CD36/SOD2/NQO1/FBLN5",4,7.09460876861758
"GO:0071451","GO:0071451","cellular response to superoxide","4/454","21/16910",0.00213466671932332,0.0310737052338611,0.0249411231810972,"CD36/SOD2/NQO1/FBLN5",4,7.09460876861758
"GO:0090026","GO:0090026","positive regulation of monocyte chemotaxis","4/454","21/16910",0.00213466671932332,0.0310737052338611,0.0249411231810972,"PLA2G7/LGMN/CXCL12/CCR1",4,7.09460876861758
"GO:0070371","GO:0070371","ERK1 and ERK2 cascade","18/454","314/16910",0.00215416734156045,0.0311751810832986,0.0250225721631764,"GPNMB/APOE/CD36/DAB2/CCL18/PDGFC/MARCO/CCR1/NRP1/MFHAS1/CHI3L1/TIMP3/P2RY1/GRB10/CCL24/SLAMF1/IGF1/CAVIN3",18,2.13516091921771
"GO:0032370","GO:0032370","positive regulation of lipid transport","8/454","86/16910",0.00216089066201943,0.0311751810832986,0.0250225721631764,"APOE/DAB2/NR1H3/FABP3/PPARG/P2RX4/CES1/CETP",8,3.46480893351091
"GO:0070372","GO:0070372","regulation of ERK1 and ERK2 cascade","17/454","289/16910",0.00216371653410996,0.0311751810832986,0.0250225721631764,"GPNMB/APOE/CD36/DAB2/CCL18/PDGFC/MARCO/CCR1/NRP1/MFHAS1/CHI3L1/TIMP3/P2RY1/CCL24/SLAMF1/IGF1/CAVIN3",17,2.19098211972013
"GO:0050728","GO:0050728","negative regulation of inflammatory response","11/454","148/16910",0.00218978288969987,0.0314437976975209,0.0252381756778969,"ACP5/APOE/NR1H3/PPARG/SLAMF8/HAMP/MFHAS1/IL10/LDLR/IGF1/SAA1",11,2.76833551613287
"GO:0008637","GO:0008637","apoptotic mitochondrial changes","9/454","106/16910",0.00220604695672068,0.0314640232615111,0.0252544096055566,"SOD2/MMP9/GCLC/SLC35F6/BNIP3/GCLM/AIFM2/IGF1/NAIF1",9,3.16245532374699
"GO:0051897","GO:0051897","positive regulation of protein kinase B signaling","9/454","106/16910",0.00220604695672068,0.0314640232615111,0.0252544096055566,"TXN/GDF15/TCF7L2/P2RX4/MFHAS1/CHI3L1/IGF1R/IGF1/CD28",9,3.16245532374699
"GO:0000038","GO:0000038","very long-chain fatty acid metabolic process","5/454","35/16910",0.00227863141397584,0.0321742755653389,0.0258244893583929,"HSD17B4/ACOT2/HACD1/ACOT4/ACOT1",5,5.32095657646318
"GO:0030224","GO:0030224","monocyte differentiation","5/454","35/16910",0.00227863141397584,0.0321742755653389,0.0258244893583929,"PPARG/DCSTAMP/PIR/MT1G/CSF1",5,5.32095657646318
"GO:0043537","GO:0043537","negative regulation of blood vessel endothelial cell migration","5/454","35/16910",0.00227863141397584,0.0321742755653389,0.0258244893583929,"APOE/PPARG/STARD13/GADD45A/ACVRL1",5,5.32095657646318
"GO:0006650","GO:0006650","glycerophospholipid metabolic process","17/454","291/16910",0.00232514086059902,0.0327219158986627,0.0262640495881617,"PLA2G7/FABP5/APOC1/NR1H3/FABP3/PLD1/ITPKB/CDS2/AGPAT4/APOA2/CETP/PIGA/RAB38/LDLR/PLA2G2D/ENPP2/PNPLA3",17,2.17592382336467
"GO:0050870","GO:0050870","positive regulation of T cell activation","15/454","242/16910",0.00234964592558731,0.0328942339021793,0.0264023596004272,"CR1/TFRC/TNFRSF14/VCAM1/ITPKB/CD209/HES1/SHB/IL2RG/HLX/SLAMF1/CD274/IGF1/SOX13/CD28",15,2.30867950631667
"GO:0001676","GO:0001676","long-chain fatty acid metabolic process","9/454","107/16910",0.00235291616439101,0.0328942339021793,0.0264023596004272,"MGLL/EPHX1/CYP1B1/ACOT2/DAGLA/ADTRP/ACOT4/ACOT1/PNPLA3",9,3.13289966651571
"GO:0070304","GO:0070304","positive regulation of stress-activated protein kinase signaling cascade","10/454","128/16910",0.00238354355309331,0.033212797667445,0.0266580528964384,"SASH1/MFHAS1/TNIK/GADD45A/BIRC7/GADD45G/TRAF5/SLAMF1/TPD52L1/SEMA3A",10,2.9098981277533
"GO:0007605","GO:0007605","sensory perception of sound","11/454","150/16910",0.00243303902390364,0.0337913223123141,0.0271224022336799,"OTOA/SCARB2/KCNE1/GSDME/THRB/MYO7A/NAV2/SPTBN4/ROR1/TBX1/WHRN",11,2.73142437591777
"GO:0010657","GO:0010657","muscle cell apoptotic process","7/454","69/16910",0.0024677972797338,0.0340507794037537,0.0273306539123613,"SOD2/NUPR1/PPARG/HMOX1/BNIP3/IGF1R/IGF1",7,3.77865032241588
"GO:0150076","GO:0150076","neuroinflammatory response","7/454","69/16910",0.0024677972797338,0.0340507794037537,0.0273306539123613,"CTSC/NUPR1/MMP9/MT1X/DAGLA/LDLR/IGF1",7,3.77865032241588
"GO:0046849","GO:0046849","bone remodeling","8/454","88/16910",0.00249915743568884,0.03437152888824,0.0275881015627989,"ACP5/MITF/TFRC/HAMP/PDK4/DCSTAMP/CTSK/SIGLEC15",8,3.38606327593112
"GO:0086013","GO:0086013","membrane repolarization during cardiac muscle cell action potential","4/454","22/16910",0.00255432350290972,0.0349035947042761,0.028015160999655,"FLNA/KCNE1/KCNJ5/KCNJ2",4,6.77212655186224
"GO:0098856","GO:0098856","intestinal lipid absorption","4/454","22/16910",0.00255432350290972,0.0349035947042761,0.028015160999655,"CD36/NPC1/APOA2/LDLR",4,6.77212655186224
"GO:0006633","GO:0006633","fatty acid biosynthetic process","11/454","151/16910",0.00256261773418285,0.0349043367266834,0.0280157565794909,"FABP5/MGLL/APOC1/NR1H3/LPL/PDK4/SCD/HACD1/APOC3/PRXL2B/ACOT4",11,2.713335472766
"GO:0042886","GO:0042886","amide transport","19/454","345/16910",0.00257907453058027,0.0350158965113398,0.028105299371708,"PSAP/FOLR2/GLUL/ABCC5/TCF7L2/CERT1/KMO/CD209/AQP9/CA2/FOXO1/SLC7A11/CRHBP/SLC38A7/SLC46A1/SLC47A1/IL1RN/HFE/KCNJ10",19,2.05126731788291
"GO:0050931","GO:0050931","pigment cell differentiation","5/454","36/16910",0.00258871291904191,0.0350344662142541,0.0281202042324041,"CD63/SOD2/MITF/MREG/RAB38",5,5.17315222711698
"GO:0032102","GO:0032102","negative regulation of response to external stimulus","21/454","398/16910",0.00262722641383229,0.0352054711398427,0.0282574603105442,"ACP5/APOE/NR1H3/PPARG/CR1/RAB7B/SERPING1/SEMA3C/TFPI/SLAMF8/HAMP/NRP1/MFHAS1/RTN4R/IL10/ADTRP/LDLR/IGF1/SAA1/PROS1/SEMA3A",21,1.96527793150776
"GO:0071496","GO:0071496","cellular response to external stimulus","18/454","320/16910",0.00264145514154471,0.0352054711398427,0.0282574603105442,"CD68/FOLR2/GLUL/PLIN2/RRAGD/GCLC/LPL/HMOX1/VCAM1/PDK4/CTSK/BNIP3/FOXO1/GADD45A/IGF1R/PRR5/KCNJ2/CDKN2B",18,2.09512665198238
"GO:0050920","GO:0050920","regulation of chemotaxis","14/454","221/16910",0.00266031068294624,0.0352054711398427,0.0282574603105442,"PLA2G7/LGMN/MPP1/CMKLR1/P2RX4/CXCL12/SEMA3C/SLAMF8/CCR1/NRP1/CSF1/SLAMF1/SEMA3A/DSCAM",14,2.35951920585245
"GO:0050810","GO:0050810","regulation of steroid biosynthetic process","7/454","70/16910",0.00268003466017992,0.0352054711398427,0.0282574603105442,"ASAH1/APOE/DAB2/ADM/IGF1R/CES1/STARD4",7,3.72466960352423
"GO:0043535","GO:0043535","regulation of blood vessel endothelial cell migration","8/454","89/16910",0.00268313330089213,0.0352054711398427,0.0282574603105442,"APOE/PPARG/STARD13/P2RX4/HMOX1/NRP1/GADD45A/ACVRL1",8,3.34801762114537
"GO:0010985","GO:0010985","negative regulation of lipoprotein particle clearance","3/454","11/16910",0.00270108076497849,0.0352054711398427,0.0282574603105442,"APOC1/APOC3/LDLR",3,10.1581898277934
"GO:0021562","GO:0021562","vestibulocochlear nerve development","3/454","11/16910",0.00270108076497849,0.0352054711398427,0.0282574603105442,"NRP2/NRP1/TIFAB",3,10.1581898277934
"GO:0042167","GO:0042167","heme catabolic process","3/454","11/16910",0.00270108076497849,0.0352054711398427,0.0282574603105442,"BLVRB/BLVRA/HMOX1",3,10.1581898277934
"GO:0046149","GO:0046149","pigment catabolic process","3/454","11/16910",0.00270108076497849,0.0352054711398427,0.0282574603105442,"BLVRB/BLVRA/HMOX1",3,10.1581898277934
"GO:0046349","GO:0046349","amino sugar biosynthetic process","3/454","11/16910",0.00270108076497849,0.0352054711398427,0.0282574603105442,"AMDHD2/GNPDA1/UAP1L1",3,10.1581898277934
"GO:0097278","GO:0097278","complement-dependent cytotoxicity","3/454","11/16910",0.00270108076497849,0.0352054711398427,0.0282574603105442,"CD59/CR1/CD5L",3,10.1581898277934
"GO:0140052","GO:0140052","cellular response to oxidised low-density lipoprotein particle stimulus","3/454","11/16910",0.00270108076497849,0.0352054711398427,0.0282574603105442,"CD68/CD36/ADTRP",3,10.1581898277934
"GO:0003015","GO:0003015","heart process","15/454","246/16910",0.00274783212057727,0.0357049597017341,0.0286583718097016,"CALM3/CLIC2/ACE/FLNA/P2RX4/KCNE1/KCNJ5/EPAS1/ADM/THRB/TMEM38B/SPTBN4/THRA/FXYD1/KCNJ2",15,2.27114000214892
"GO:0042060","GO:0042060","wound healing","22/454","428/16910",0.00288982271916227,0.0372497339841974,0.0298982756247099,"APOE/CD36/PLPP3/CD59/PPARG/MERTK/TIMP1/RAP2B/FLNA/SERPING1/HMOX1/TFPI/SDC4/ANXA6/PAPSS2/SLC7A11/P2RY1/ADTRP/IGF1/SAA1/PROS1/ACVRL1",22,1.91454979620404
"GO:0048844","GO:0048844","artery morphogenesis","7/454","71/16910",0.00290600752652838,0.0372497339841974,0.0298982756247099,"APOE/NRP1/HES1/LDLR/HPGD/TBX1/ACVRL1",7,3.67220946826332
"GO:0010874","GO:0010874","regulation of cholesterol efflux","5/454","37/16910",0.002928272289126,0.0372497339841974,0.0298982756247099,"APOE/NR1H3/PPARG/CES1/CETP",5,5.03333730205977
"GO:0016486","GO:0016486","peptide hormone processing","5/454","37/16910",0.002928272289126,0.0372497339841974,0.0298982756247099,"PLA2G7/CTSL/CTSZ/ACE/ECE1",5,5.03333730205977
"GO:0032373","GO:0032373","positive regulation of sterol transport","5/454","37/16910",0.002928272289126,0.0372497339841974,0.0298982756247099,"APOE/NR1H3/PPARG/CES1/CETP",5,5.03333730205977
"GO:0032376","GO:0032376","positive regulation of cholesterol transport","5/454","37/16910",0.002928272289126,0.0372497339841974,0.0298982756247099,"APOE/NR1H3/PPARG/CES1/CETP",5,5.03333730205977
"GO:0097242","GO:0097242","amyloid-beta clearance","5/454","37/16910",0.002928272289126,0.0372497339841974,0.0298982756247099,"APOE/CD36/MARCO/IGF1R/LDLR",5,5.03333730205977
"GO:0007626","GO:0007626","locomotory behavior","13/454","200/16910",0.00298757647593179,0.0378903411737936,0.0304124551442158,"CSTB/SELENOP/APOE/SOD2/NTAN1/CXCL12/NPC1/UCHL1/NAV2/SPTBN4/ALK/KCNJ10/DSCAM",13,2.42103524229075
"GO:0007596","GO:0007596","blood coagulation","14/454","224/16910",0.0030063073075019,0.0380140828494866,0.0305117756582282,"APOE/CD36/CD59/MERTK/RAP2B/FLNA/SERPING1/TFPI/PAPSS2/SLC7A11/P2RY1/ADTRP/SAA1/PROS1",14,2.32791850220264
"GO:0051904","GO:0051904","pigment granule transport","4/454","23/16910",0.00302729403505044,0.0381655283704573,0.0306333324975342,"BBS5/MREG/MYO7A/ASIP",4,6.47768626699866
"GO:0051452","GO:0051452","intracellular pH reduction","6/454","54/16910",0.00314662720489339,0.0394352450885456,0.0316524630078034,"ATP6V0C/DMXL2/SLAMF8/CA2/ATP6V0D2/RAB38",6,4.13852178169359
"GO:0072348","GO:0072348","sulfur compound transport","6/454","54/16910",0.00314662720489339,0.0394352450885456,0.0316524630078034,"SLC26A11/SLC36A1/SLC7A11/SLC38A7/SLC47A1/SLC26A3",6,4.13852178169359
"GO:0055090","GO:0055090","acylglycerol homeostasis","5/454","38/16910",0.00329885924890514,0.0409793776491559,0.0328918517486143,"APOE/NR1H3/LPL/CETP/APOC3",5,4.90088105726872
"GO:0070328","GO:0070328","triglyceride homeostasis","5/454","38/16910",0.00329885924890514,0.0409793776491559,0.0328918517486143,"APOE/NR1H3/LPL/CETP/APOC3",5,4.90088105726872
"GO:1904646","GO:1904646","cellular response to amyloid-beta","5/454","38/16910",0.00329885924890514,0.0409793776491559,0.0328918517486143,"LGMN/CD36/VCAM1/IGF1R/IGF1",5,4.90088105726872
"GO:0008203","GO:0008203","cholesterol metabolic process","10/454","134/16910",0.00332601678096131,0.0411959271466436,0.0330656639042937,"CYP27A1/APOC1/APOE/NPC1/CES1/APOA2/CETP/STARD4/LDLR/DHCR24",10,2.7796041817345
"GO:0034103","GO:0034103","regulation of tissue remodeling","7/454","73/16910",0.0034014517563772,0.0420074333528099,0.0337170144947011,"GPNMB/PPARG/TFRC/HAMP/PDK4/DCSTAMP/SIGLEC15",7,3.57160098968077
"GO:0050817","GO:0050817","coagulation","14/454","228/16910",0.00352422184851188,0.0425600256466085,0.034160549385852,"APOE/CD36/CD59/MERTK/RAP2B/FLNA/SERPING1/TFPI/PAPSS2/SLC7A11/P2RY1/ADTRP/SAA1/PROS1",14,2.2870778267254
"GO:0006835","GO:0006835","dicarboxylic acid transport","8/454","93/16910",0.00352711395349562,0.0425600256466085,0.034160549385852,"FOLR2/ABCC5/KMO/SLC7A11/SLC38A7/SLC46A1/SLC26A3/KCNJ10",8,3.20401686324665
"GO:0019218","GO:0019218","regulation of steroid metabolic process","8/454","93/16910",0.00352711395349562,0.0425600256466085,0.034160549385852,"ASAH1/APOE/DAB2/ADM/IGF1R/CES1/STARD4/LDLR",8,3.20401686324665
"GO:0006534","GO:0006534","cysteine metabolic process","3/454","12/16910",0.00353015914488516,0.0425600256466085,0.034160549385852,"GCLC/SLC7A11/GCLM",3,9.31167400881057
"GO:0010635","GO:0010635","regulation of mitochondrial fusion","3/454","12/16910",0.00353015914488516,0.0425600256466085,0.034160549385852,"VAT1/TFRC/BNIP3",3,9.31167400881057
"GO:0015808","GO:0015808","L-alanine transport","3/454","12/16910",0.00353015914488516,0.0425600256466085,0.034160549385852,"SLC7A8/SLC36A1/SLC38A7",3,9.31167400881057
"GO:0032957","GO:0032957","inositol trisphosphate metabolic process","3/454","12/16910",0.00353015914488516,0.0425600256466085,0.034160549385852,"ITPKB/HRH1/P2RY1",3,9.31167400881057
"GO:0006643","GO:0006643","membrane lipid metabolic process","13/454","204/16910",0.003539544615535,0.0425600256466085,0.034160549385852,"ASAH1/PSAP/FUCA1/GM2A/PLPP3/CERT1/PPM1L/B4GALT5/SCCPDH/CYP1B1/HACD1/PIGA/ENPP2",13,2.37356396303015
"GO:0000303","GO:0000303","response to superoxide","4/454","24/16910",0.00355671602429165,0.0425600256466085,0.034160549385852,"CD36/SOD2/NQO1/FBLN5",4,6.20778267254038
"GO:0051043","GO:0051043","regulation of membrane protein ectodomain proteolysis","4/454","24/16910",0.00355671602429165,0.0425600256466085,0.034160549385852,"APOE/TIMP1/TIMP3/IL10",4,6.20778267254038
"GO:0051905","GO:0051905","establishment of pigment granule localization","4/454","24/16910",0.00355671602429165,0.0425600256466085,0.034160549385852,"BBS5/MREG/MYO7A/ASIP",4,6.20778267254038
"GO:0045765","GO:0045765","regulation of angiogenesis","16/454","278/16910",0.00357212019720107,0.0426239469164612,0.0342118554098131,"GPNMB/GLUL/PPARG/SASH1/ITGAX/HMOX1/NRP1/ADM/CHI3L1/SPARC/CYP1B1/GADD45A/IL10/CCL24/ECM1/ACVRL1",16,2.14369473584128
"GO:0050867","GO:0050867","positive regulation of cell activation","20/454","382/16910",0.00358552040195801,0.0426636641086913,0.0342437341760034,"LAMP1/CTSC/CR1/TFRC/FLNA/TNFRSF14/VCAM1/HAMP/ITPKB/CD209/HES1/SHB/IL2RG/HLX/IL10/SLAMF1/CD274/IGF1/SOX13/CD28",20,1.95008879765666
"GO:0043388","GO:0043388","positive regulation of DNA binding","6/454","56/16910",0.00378224273436976,0.0448783759742026,0.0360213593749501,"TXN/CALM3/PPARG/MMP9/HES1/IGF1",6,3.99071743234739
"GO:0031099","GO:0031099","regeneration","12/454","182/16910",0.00379612159557196,0.044917237650399,0.0360525514663259,"IGF2R/ACE/FLNA/CXCL12/HMOX1/HAMP/ADM/IGF1R/RTN4R/IL10/APOA2/IGF1",12,2.45582611221378
"GO:0007599","GO:0007599","hemostasis","14/454","230/16910",0.00380925393001715,0.0449470742271661,0.0360764996157613,"APOE/CD36/CD59/MERTK/RAP2B/FLNA/SERPING1/TFPI/PAPSS2/SLC7A11/P2RY1/ADTRP/SAA1/PROS1",14,2.26719019344953
"GO:0062197","GO:0062197","cellular response to chemical stress","18/454","332/16910",0.00389487948992978,0.0453533996039309,0.036402634243004,"TXN/CD36/IL18BP/SOD2/MMP9/HMOX1/EPAS1/BNIP3/CYP1B1/MGST1/FOXO1/SLC7A11/NQO1/IL10/TIFAB/AIFM2/SRXN1/FBLN5",18,2.01939918263362
"GO:0007586","GO:0007586","digestion","10/454","137/16910",0.00389722319542749,0.0453533996039309,0.036402634243004,"CD36/NR1H3/HAMP/PIR/NPC1/CHIT1/SLC46A1/APOA2/TIFAB/LDLR",10,2.718736936879
"GO:0035296","GO:0035296","regulation of tube diameter","10/454","137/16910",0.00389722319542749,0.0453533996039309,0.036402634243004,"APOE/SOD2/GCLC/ACE/ADM/GCLM/HRH1/P2RY1/KCNMB4/ECE1",10,2.718736936879
"GO:0062013","GO:0062013","positive regulation of small molecule metabolic process","10/454","137/16910",0.00389722319542749,0.0453533996039309,0.036402634243004,"APOE/DAB2/NR1H3/ADM/FOXO1/HRH1/CES1/P2RY1/STARD4/IGF1",10,2.718736936879
"GO:0097746","GO:0097746","blood vessel diameter maintenance","10/454","137/16910",0.00389722319542749,0.0453533996039309,0.036402634243004,"APOE/SOD2/GCLC/ACE/ADM/GCLM/HRH1/P2RY1/KCNMB4/ECE1",10,2.718736936879
"GO:0006909","GO:0006909","phagocytosis","14/454","231/16910",0.00395865490965681,0.0459420882117979,0.0368751416242004,"CD36/NR1H3/MERTK/RAB7B/MARCO/DYSF/COLEC12/C2/CFP/IL2RG/MYO7A/APOA2/LDLR/SLAMF1",14,2.25737551728741
"GO:0045766","GO:0045766","positive regulation of angiogenesis","11/454","160/16910",0.00399817434812735,0.0461478652279767,0.0370403073123514,"SASH1/ITGAX/HMOX1/NRP1/ADM/CHI3L1/CYP1B1/IL10/CCL24/ECM1/ACVRL1",11,2.56071035242291
"GO:1904018","GO:1904018","positive regulation of vasculature development","11/454","160/16910",0.00399817434812735,0.0461478652279767,0.0370403073123514,"SASH1/ITGAX/HMOX1/NRP1/ADM/CHI3L1/CYP1B1/IL10/CCL24/ECM1/ACVRL1",11,2.56071035242291
"GO:1901342","GO:1901342","regulation of vasculature development","16/454","282/16910",0.00410103991246681,0.0464575508395793,0.0372888746115603,"GPNMB/GLUL/PPARG/SASH1/ITGAX/HMOX1/NRP1/ADM/CHI3L1/SPARC/CYP1B1/GADD45A/IL10/CCL24/ECM1/ACVRL1",16,2.11328771831162
"GO:1901653","GO:1901653","cellular response to peptide","19/454","360/16910",0.00410170627190083,0.0464575508395793,0.0372888746115603,"LGMN/CTSD/CD36/DENND4C/PPARG/GCLC/GDF15/LPL/VCAM1/PDK4/RAB13/CA2/CYP1B1/FOXO1/IGF1R/CRHBP/GRB10/PNPLA3/IGF1",19,1.96579784630445
"GO:0035150","GO:0035150","regulation of tube size","10/454","138/16910",0.00410396965719571,0.0464575508395793,0.0372888746115603,"APOE/SOD2/GCLC/ACE/ADM/GCLM/HRH1/P2RY1/KCNMB4/ECE1",10,2.69903594458277
"GO:0046328","GO:0046328","regulation of JNK cascade","10/454","138/16910",0.00410396965719571,0.0464575508395793,0.0372888746115603,"MFHAS1/TNIK/GADD45A/IGF1R/BIRC7/GADD45G/TRAF5/SLAMF1/TPD52L1/SEMA3A",10,2.69903594458277
"GO:0002274","GO:0002274","myeloid leukocyte activation","14/454","232/16910",0.00411278882288209,0.0464575508395793,0.0372888746115603,"NR1H3/CTSC/DYSF/HMOX1/HAMP/MFHAS1/DCSTAMP/MT1G/DNASE1L3/IL10/CSF1/LDLR/SLAMF1/LAT",14,2.24764545040255
"GO:0043030","GO:0043030","regulation of macrophage activation","6/454","57/16910",0.00413354011116624,0.0464575508395793,0.0372888746115603,"NR1H3/CTSC/HAMP/MFHAS1/IL10/LDLR",6,3.92070484581498
"GO:0042755","GO:0042755","eating behavior","5/454","40/16910",0.00413930524437429,0.0464575508395793,0.0372888746115603,"ACE/GDF15/UCHL1/P2RY1/AGRP",5,4.65583700440529
"GO:0140448","GO:0140448","signaling receptor ligand precursor processing","5/454","40/16910",0.00413930524437429,0.0464575508395793,0.0372888746115603,"PLA2G7/CTSL/CTSZ/ACE/ECE1",5,4.65583700440529
"GO:0000305","GO:0000305","response to oxygen radical","4/454","25/16910",0.00414564547152053,0.0464575508395793,0.0372888746115603,"CD36/SOD2/NQO1/FBLN5",4,5.95947136563877
"GO:0003148","GO:0003148","outflow tract septum morphogenesis","4/454","25/16910",0.00414564547152053,0.0464575508395793,0.0372888746115603,"NRP2/SEMA3C/NRP1/TBX1",4,5.95947136563877
"GO:0034377","GO:0034377","plasma lipoprotein particle assembly","4/454","25/16910",0.00414564547152053,0.0464575508395793,0.0372888746115603,"APOC1/APOE/APOA2/APOC3",4,5.95947136563877
"GO:0051098","GO:0051098","regulation of binding","19/454","361/16910",0.00422528140279917,0.0472250449136076,0.0379048991280137,"TXN/APOE/CALM3/DAB2/CTSZ/PPARG/CBLB/MMP9/CLIC2/ACE/TCF7L2/HMOX1/PLCL1/NRP1/HES1/IL10/P2RY1/HFE/IGF1",19,1.96035242290749
"GO:1901617","GO:1901617","organic hydroxy compound biosynthetic process","14/454","233/16910",0.00427176448492362,0.0476189325214117,0.0382210506545798,"CYP27A1/ASAH1/APOE/DAB2/HSD3B7/ITPKB/SLC7A11/HRH1/CES1/ASIP/P2RY1/STARD4/RAB38/DHCR24",14,2.23799890340512
"GO:0003018","GO:0003018","vascular process in circulatory system","15/454","258/16910",0.00428923160301254,0.0476881497909741,0.0382766074809518,"FABP5/APOE/CD36/ABCC5/SOD2/SLC7A8/TFRC/GCLC/ACE/ADM/GCLM/HRH1/P2RY1/KCNMB4/ECE1",15,2.16550558344432
"GO:0048660","GO:0048660","regulation of smooth muscle cell proliferation","10/454","139/16910",0.00431928530852568,0.0477847310301598,0.0383541278334616,"APOE/SOD2/PPARG/MMP9/TCF7L2/HMOX1/IGF1R/IL10/HPGD/IGF1",10,2.6796184198016
"GO:0043491","GO:0043491","protein kinase B signaling","12/454","185/16910",0.00432677037927692,0.0477847310301598,0.0383541278334616,"TXN/MERTK/GDF15/TCF7L2/P2RX4/MFHAS1/CHI3L1/IGF1R/ADTRP/IGF1/CAVIN3/CD28",12,2.41600190498869
"GO:0060541","GO:0060541","respiratory system development","13/454","209/16910",0.00434304094584786,0.0477847310301598,0.0383541278334616,"LIPA/CTSZ/ACE/EPAS1/HES1/CHI3L1/SLC7A11/THRB/TMEM38B/EDA/CELSR1/THRA/TULP3",13,2.3167801361634
"GO:0071222","GO:0071222","cellular response to lipopolysaccharide","13/454","209/16910",0.00434304094584786,0.0477847310301598,0.0383541278334616,"CD68/CD36/NR1H3/MRC1/SASH1/KMO/CXCL2/HAMP/CXCL3/IL10/TIFAB/CXCL9/CD274",13,2.3167801361634
"GO:0006787","GO:0006787","porphyrin-containing compound catabolic process","3/454","13/16910",0.00449849992705997,0.0482260008486506,0.038708310407321,"BLVRB/BLVRA/HMOX1",3,8.59539139274822
"GO:0010745","GO:0010745","negative regulation of macrophage derived foam cell differentiation","3/454","13/16910",0.00449849992705997,0.0482260008486506,0.038708310407321,"NR1H3/PPARG/CETP",3,8.59539139274822
"GO:0032372","GO:0032372","negative regulation of sterol transport","3/454","13/16910",0.00449849992705997,0.0482260008486506,0.038708310407321,"APOC1/APOA2/APOC3",3,8.59539139274822
"GO:0032375","GO:0032375","negative regulation of cholesterol transport","3/454","13/16910",0.00449849992705997,0.0482260008486506,0.038708310407321,"APOC1/APOA2/APOC3",3,8.59539139274822
"GO:0033015","GO:0033015","tetrapyrrole catabolic process","3/454","13/16910",0.00449849992705997,0.0482260008486506,0.038708310407321,"BLVRB/BLVRA/HMOX1",3,8.59539139274822
"GO:0042117","GO:0042117","monocyte activation","3/454","13/16910",0.00449849992705997,0.0482260008486506,0.038708310407321,"DYSF/MT1G/CSF1",3,8.59539139274822
"GO:0042762","GO:0042762","regulation of sulfur metabolic process","3/454","13/16910",0.00449849992705997,0.0482260008486506,0.038708310407321,"TCF7L2/PDK4/SLC7A11",3,8.59539139274822
"GO:0045916","GO:0045916","negative regulation of complement activation","3/454","13/16910",0.00449849992705997,0.0482260008486506,0.038708310407321,"CD59/CR1/SERPING1",3,8.59539139274822
"GO:0090205","GO:0090205","positive regulation of cholesterol metabolic process","3/454","13/16910",0.00449849992705997,0.0482260008486506,0.038708310407321,"APOE/CES1/STARD4",3,8.59539139274822
"GO:0043434","GO:0043434","response to peptide hormone","21/454","417/16910",0.00450350290170321,0.0482260008486506,0.038708310407321,"CTSD/DENND4C/PPARG/TIMP1/GCLC/GDF15/LPL/CXCL12/PDK4/RAB13/CTSK/ADM/CA2/CYP1B1/FOXO1/IGF1R/CRHBP/IL10/GRB10/AGRP/PNPLA3",21,1.87573289386112
"GO:0001755","GO:0001755","neural crest cell migration","6/454","58/16910",0.00450837968273504,0.0482260008486506,0.038708310407321,"NRP2/SEMA3C/NRP1/ANXA6/TBX1/SEMA3A",6,3.85310648640437
"GO:0042542","GO:0042542","response to hydrogen peroxide","9/454","118/16910",0.00453764352845381,0.0484167707469278,0.0388614307222744,"TXN/IL18BP/SOD2/HMOX1/BNIP3/CYP1B1/NQO1/IL10/HP",9,2.84084969760323
"GO:1902475","GO:1902475","L-alpha-amino acid transmembrane transport","7/454","77/16910",0.00458273647403195,0.0487750545326616,0.0391490050545443,"SLC38A6/SLC7A8/SLC36A1/SLC7A11/SLC38A7/SLC47A1/KCNJ10",7,3.38606327593112
"GO:0032872","GO:0032872","regulation of stress-activated MAPK cascade","12/454","187/16910",0.00471243066024242,0.0499270124484408,0.0400736171682481,"SASH1/MFHAS1/TNIK/FOXO1/GADD45A/IGF1R/BIRC7/GADD45G/TRAF5/SLAMF1/TPD52L1/SEMA3A",12,2.39016231242197
"GO:0034614","GO:0034614","cellular response to reactive oxygen species","10/454","141/16910",0.0047765960375133,0.0499270124484408,0.0400736171682481,"TXN/CD36/IL18BP/SOD2/MMP9/BNIP3/CYP1B1/NQO1/IL10/FBLN5",10,2.64160964788952
"GO:0010875","GO:0010875","positive regulation of cholesterol efflux","4/454","26/16910",0.0047970477021991,0.0499270124484408,0.0400736171682481,"APOE/NR1H3/PPARG/CES1",4,5.73026092849881
"GO:0019433","GO:0019433","triglyceride catabolic process","4/454","26/16910",0.0047970477021991,0.0499270124484408,0.0400736171682481,"MGLL/LPL/APOC3/PNPLA3",4,5.73026092849881
"GO:0050995","GO:0050995","negative regulation of lipid catabolic process","4/454","26/16910",0.0047970477021991,0.0499270124484408,0.0400736171682481,"APOC1/APOA2/APOC3/ALK",4,5.73026092849881
"GO:0051875","GO:0051875","pigment granule localization","4/454","26/16910",0.0047970477021991,0.0499270124484408,0.0400736171682481,"BBS5/MREG/MYO7A/ASIP",4,5.73026092849881
"GO:0060384","GO:0060384","innervation","4/454","26/16910",0.0047970477021991,0.0499270124484408,0.0400736171682481,"VCAM1/NRP1/ECE1/SEMA3A",4,5.73026092849881
"GO:1904706","GO:1904706","negative regulation of vascular associated smooth muscle cell proliferation","4/454","26/16910",0.0047970477021991,0.0499270124484408,0.0400736171682481,"SOD2/PPARG/HMOX1/IL10",4,5.73026092849881
"GO:1905523","GO:1905523","positive regulation of macrophage migration","4/454","26/16910",0.0047970477021991,0.0499270124484408,0.0400736171682481,"CMKLR1/P2RX4/CSF1/SLAMF1",4,5.73026092849881
